Journal title,ISSNs,Number of mentioned outputs,Total mentions,News mentions,Blog mentions,Policy mentions,Patent mentions,Twitter mentions,Peer review mentions,Weibo mentions,Facebook mentions,Wikipedia mentions,Google+ mentions,LinkedIn mentions,Reddit mentions,Pinterest mentions,F1000 mentions,Q&A mentions,Video mentions,Syllabi mentions
"Nature Genetics","1061-4036, 1546-1718",5,798,58,3,0,0,728,0,0,8,1,0,0,0,0,0,0,0,0
"The Lancet","0099-5355, 0140-6736, 1474-547X",4,1578,35,4,3,0,1532,0,0,4,0,0,0,0,0,0,0,0,0
"Vaccine","0264-410X, 1873-2518",3,74,1,0,0,0,73,0,0,0,0,0,0,0,0,0,0,0,0
"PLoS ONE",1932-6203,3,52,0,0,0,0,52,0,0,0,0,0,0,0,0,0,0,0,0
"Bioinformatics","1367-4803, 1367-4811, 1460-2059",3,31,0,0,0,0,31,0,0,0,0,0,0,0,0,0,0,0,0
"bioRxiv","",2,31,0,1,0,0,30,0,0,0,0,0,0,0,0,0,0,0,0
"Cancer Research","0008-5472, 1538-7445",2,189,119,2,0,0,66,0,0,1,0,0,0,0,0,0,0,1,0
"International Journal of Population Data Science",2399-4908,2,10,0,0,0,0,10,0,0,0,0,0,0,0,0,0,0,0,0
"Human Molecular Genetics","1460-2083, 0964-6906",2,38,0,0,0,0,38,0,0,0,0,0,0,0,0,0,0,0,0
"International Journal for Numerical Methods in Biomedical Engineering","2040-7939, 2040-7947",2,6,0,0,0,0,4,0,0,2,0,0,0,0,0,0,0,0,0
"Scientific Reports",2045-2322,2,193,4,1,0,0,187,0,0,1,0,0,0,0,0,0,0,0,0
"British Medical Journal","0267-0623, 0959-8138, 1756-1833, 1468-5833, 1759-2151, 0007-1447, 0959-535X",2,394,17,6,0,0,359,0,0,11,0,1,0,0,0,0,0,0,0
"Studies in Health Technology & Informatics",0926-9630,2,6,0,0,0,0,6,0,0,0,0,0,0,0,0,0,0,0,0
"Journal of Crohn's and Colitis","1876-4479, 1873-9946",2,15,0,0,0,0,15,0,0,0,0,0,0,0,0,0,0,0,0
"BMJ Open",2044-6055,2,50,0,0,0,0,50,0,0,0,0,0,0,0,0,0,0,0,0
"Heart","1355-6037, 1468-201X",1,41,0,0,0,0,41,0,0,0,0,0,0,0,0,0,0,0,0
"IEEE Transactions on Biomedical Engineering","0018-9294, 1558-2531",1,5,0,0,0,0,5,0,0,0,0,0,0,0,0,0,0,0,0
"IEEE Transactions on Instrumentation and Measurement","0018-9456, 1557-9662",1,2,0,0,0,0,2,0,0,0,0,0,0,0,0,0,0,0,0
"IEEE Transactions on Signal Processing",1053-587X,1,18,0,0,0,0,18,0,0,0,0,0,0,0,0,0,0,0,0
"International Journal of Epidemiology","1464-3685, 0300-5771",1,17,0,0,0,0,15,0,0,0,0,0,0,2,0,0,0,0,0
"Journal of Alzheimer's Disease","1387-2877, 1875-8908",1,46,43,0,0,0,3,0,0,0,0,0,0,0,0,0,0,0,0
"Journal of Child & Adolescent Psychopharmacology","1044-5463, 1557-8992",1,63,10,1,0,0,51,0,0,1,0,0,0,0,0,0,0,0,0
"Journal of Clinical Investigation","0021-9738, 1558-8238",1,14,0,0,0,0,14,0,0,0,0,0,0,0,0,0,0,0,0
"Journal of Nutrition","0022-3166, 1541-6100",1,10,0,0,0,0,10,0,0,0,0,0,0,0,0,0,0,0,0
"Journal of Steroid Biochemistry & Molecular Biology","0960-0760, 1879-1220",1,11,0,0,0,0,11,0,0,0,0,0,0,0,0,0,0,0,0
"Journal of the American College of Cardiology (JACC)","0735-1097, 1558-3597",1,98,0,0,1,0,93,0,0,3,0,0,0,0,0,0,1,0,0
"Molecular Psychiatry","1359-4184, 1476-5578",1,77,0,2,0,0,74,0,0,0,0,1,0,0,0,0,0,0,0
"Nature","0028-0836, 1476-4687",1,678,13,5,0,1,643,0,0,12,0,1,0,0,0,3,0,0,0
"NeuroImage","1053-8119, 1095-9572",1,18,0,0,0,0,18,0,0,0,0,0,0,0,0,0,0,0,0
"Philosophical Transactions of the Royal Society B: Biological Sciences","0962-8436, 1471-2970",1,256,1,0,0,0,253,0,0,2,0,0,0,0,0,0,0,0,0
"PLoS Computational Biology","1553-734X, 1553-7358",1,42,2,0,0,0,40,0,0,0,0,0,0,0,0,0,0,0,0
"Psychological Science (Sage Publications Inc.)","0956-7976, 1467-9280",1,47,0,0,0,0,47,0,0,0,0,0,0,0,0,0,0,0,0
"American Journal of Clinical Nutrition","0002-9165, 1938-3207",1,30,0,0,0,0,27,0,0,1,0,0,0,2,0,0,0,0,0
"British Journal of Psychiatry","1472-1465, 0007-1250",1,64,4,0,0,0,59,0,0,1,0,0,0,0,0,0,0,0,0
"Circulation","0009-7322, 1524-4539",1,23,0,0,0,0,22,0,0,1,0,0,0,0,0,0,0,0,0
"Neurology","0028-3878, 1526-632X",1,13,0,0,0,0,12,0,0,1,0,0,0,0,0,0,0,0,0
"Seminars in Arthritis & Rheumatism","0049-0172, 1532-866X",1,17,2,0,0,0,14,0,0,1,0,0,0,0,0,0,0,0,0
"Stroke","0039-2499, 1524-4628",1,11,0,0,0,0,10,0,0,1,0,0,0,0,0,0,0,0,0
"Journal of Dental Medicine","0300-5712, 1024-641X, 1879-176X, 2008-2444",1,36,0,0,0,0,35,0,0,1,0,0,0,0,0,0,0,0,0
"Pharmacoepidemiology & Drug Safety","1053-8569, 1099-1557",1,9,0,0,0,0,9,0,0,0,0,0,0,0,0,0,0,0,0
"Annals of Plastic Surgery","0148-7043, 1536-3708",1,5,0,0,0,0,5,0,0,0,0,0,0,0,0,0,0,0,0
"Annals of the Rheumatic Diseases","0003-4967, 1468-2060",1,19,3,0,0,0,12,0,0,4,0,0,0,0,0,0,0,0,0
"Biometrical Journal","0323-3847, 1521-4036",1,16,0,0,0,0,16,0,0,0,0,0,0,0,0,0,0,0,0
"Circulation Research","0009-7330, 1524-4571",1,51,7,0,0,0,42,0,0,2,0,0,0,0,0,0,0,0,0
"Epidemics : The Journal of Infectious Disease Dynamics","1755-4365, 1878-0067",1,43,0,0,0,0,43,0,0,0,0,0,0,0,0,0,0,0,0
"Epigenomics","1750-1911, 1750-192X",1,9,0,0,0,0,9,0,0,0,0,0,0,0,0,0,0,0,0
"Eurosurveillance","1025-496X, 1560-7917",1,1262,75,6,3,0,1177,0,0,0,0,0,0,1,0,0,0,0,0
"Hypertension","0194-911X, 1524-4563",1,7,0,0,0,0,7,0,0,0,0,0,0,0,0,0,0,0,0
"JACC Cardiovascular Imaging","1936-878X, 1876-7591",1,24,0,0,0,0,23,0,0,1,0,0,0,0,0,0,0,0,0
"Journal of Proteome Research","1535-3893, 1535-3907",1,7,0,0,0,0,7,0,0,0,0,0,0,0,0,0,0,0,0
"Nature Communications",2041-1723,1,96,0,0,0,0,95,0,0,1,0,0,0,0,0,0,0,0,0
"Osteoarthritis and Cartilage","1063-4584, 1522-9653",1,11,0,0,0,0,11,0,0,0,0,0,0,0,0,0,0,0,0
"Physical Biology","1478-3967, 1478-3975",1,286,2,5,0,0,278,0,0,0,0,0,0,1,0,0,0,0,0
"Science Translational Medicine","1946-6234, 1946-6242",1,104,6,2,0,0,81,0,0,10,0,0,0,5,0,0,0,0,0
"Translational Psychiatry",2158-3188,1,20,1,0,0,0,19,0,0,0,0,0,0,0,0,0,0,0,0
"Giga Science",2047-217X,1,16,0,0,0,0,10,4,0,1,0,0,0,0,0,0,0,1,0
"Frontiers in Pharmacology",1663-9812,1,17,0,0,0,0,17,0,0,0,0,0,0,0,0,0,0,0,0
"Frontiers in immunology",1664-3224,1,23,0,3,0,0,20,0,0,0,0,0,0,0,0,0,0,0,0
"Cochrane database of systematic reviews","1469-493X, 1361-6137, 1465-1858",1,71,0,0,0,0,71,0,0,0,0,0,0,0,0,0,0,0,0
"The Lancet Global Health",2214-109X,1,3069,140,19,12,0,2886,0,0,6,0,0,0,3,0,0,1,2,0
"IEEE Access",2169-3536,1,8,0,0,0,0,8,0,0,0,0,0,0,0,0,0,0,0,0
"JAMA Dermatology","2168-6068, 2168-6084",1,93,14,0,0,0,78,0,0,1,0,0,0,0,0,0,0,0,0
"JAMA Neurology","2168-6157, 2168-6149",1,52,0,1,0,0,51,0,0,0,0,0,0,0,0,0,0,0,0
"Science Advances",2375-2548,1,38,0,0,0,0,38,0,0,0,0,0,0,0,0,0,0,0,0
"eLife",2050-084X,1,95,0,0,0,0,94,0,0,0,1,0,0,0,0,0,0,0,0
"JAMA Cardiology","2380-6583, 2380-6591",1,228,6,2,0,0,214,0,0,4,0,2,0,0,0,0,0,0,0
"Programme Grants for Applied Research","2050-4322, 2050-4330",1,20,0,0,1,0,19,0,0,0,0,0,0,0,0,0,0,0,0
"BMC Bioinformatics",1471-2105,1,7,0,0,0,0,7,0,0,0,0,0,0,0,0,0,0,0,0
"medRxiv","",1,170,54,2,0,0,114,0,0,0,0,0,0,0,0,0,0,0,0
"BMC Neurology",1471-2377,1,1,0,0,0,0,1,0,0,0,0,0,0,0,0,0,0,0,0
"Clinical Epigenetics","1868-7075, 1868-7083",1,11,0,0,0,0,11,0,0,0,0,0,0,0,0,0,0,0,0
"Genome Medicine",1756-994X,1,29,0,0,0,0,29,0,0,0,0,0,0,0,0,0,0,0,0
"Age & Ageing","1468-2834, 0002-0729",1,112,0,0,0,0,112,0,0,0,0,0,0,0,0,0,0,0,0
"American Journal of Epidemiology","1476-6256, 0002-9262",1,46,1,0,0,0,45,0,0,0,0,0,0,0,0,0,0,0,0
"American Journal of Human Genetics","0002-9297, 1537-6605",1,40,0,0,0,0,40,0,0,0,0,0,0,0,0,0,0,0,0
"Biological Psychiatry","0006-3223, 1873-2402",1,18,1,0,0,0,15,0,0,2,0,0,0,0,0,0,0,0,0
"Biomechanics & Modeling in Mechanobiology","1617-7959, 1617-7940",1,1,0,0,0,0,1,0,0,0,0,0,0,0,0,0,0,0,0
"Clinical Endocrinology","0300-0664, 1365-2265",1,20,0,0,0,0,19,0,0,1,0,0,0,0,0,0,0,0,0
"Computerized Medical Imaging & Graphics","0895-6111, 1879-0771",1,1,0,0,0,0,1,0,0,0,0,0,0,0,0,0,0,0,0
"Diabetes Care","0149-5992, 0891-8929, 1935-5548, 1945-4953",1,56,21,0,0,0,35,0,0,0,0,0,0,0,0,0,0,0,0
"Diabetes, Obesity & Metabolism","1462-8902, 1463-1326",1,53,0,0,0,0,40,13,0,0,0,0,0,0,0,0,0,0,0
"European Journal of Endocrinology","0804-4643, 1479-683X",1,39,0,0,0,0,39,0,0,0,0,0,0,0,0,0,0,0,0
"Gut","0017-5749, 1468-3288",1,71,9,1,0,0,61,0,0,0,0,0,0,0,0,0,0,0,0
