Altmetric Attention Score,Title,Journal/Collection Title,Journal ISSNs,Authors at my Institution,Departments,Output Type,OA Status,OA Type,Subjects (FoR),Affiliations (GRID),Funder,Publication Date,DOI,ISBN,National Clinical Trial ID,URI,PubMed ID,PubMedCentral ID,Handle.net IDs,ADS Bibcode,arXiv ID,RePEc ID,SSRN,URN,News mentions,Blog mentions,Policy mentions,Patent mentions,Twitter mentions,Peer review mentions,Weibo mentions,Facebook mentions,Wikipedia mentions,Google+ mentions,LinkedIn mentions,Reddit mentions,Pinterest mentions,F1000 mentions,Q&A mentions,Video mentions,Syllabi mentions,Number of Mendeley readers,Number of Dimensions citations,Details Page URL,Badge URL
1634,"The UCL–Lancet Commission on Migration and Health: the health of a world on the move","The Lancet","0099-5355, 0140-6736, 1474-547X",,,Article,true,green,"11 Medical and Health Sciences","American University of Beirut; Cayetano Heredia University; Columbia University; Imperial College London; International Organization for Migration; Johns Hopkins University; London School of Hygiene & Tropical Medicine; Murdoch Children's Research Institute; Oswaldo Cruz Foundation; Peking University; Public Health Foundation of India; Royal Children's Hospital; University College London; University of Giessen; University of London; University of Melbourne; University of Oslo; University of Southampton; University of the Witwatersrand","Department of Health and Social Care; Economic and Social Research Council; European Commission; Medical Research Council; National Institute for Health Research; NIHR Trainees Coordinating Centre; Wellcome Trust",2018-12-01,10.1016/s0140-6736(18)32114-7,,,,30528486,,"",,,,,,89,6,10,0,1551,0,0,10,2,0,0,0,0,0,0,0,0,545,196,https://www.altmetric.com/details/52242487,https://api.altmetric.com/v1/donut/52242487_240.png
363,"Cancelled operations: a 7-day cohort study of planned adult inpatient surgery in 245 UK National Health Service hospitals","BJA: The British Journal of Anaesthesia","1471-6771, 0007-0912",,,Article,true,bronze,"11 Medical and Health Sciences; 1117 Public Health and Health Services","University College London","National Institute for Health Research",2018-10-01,10.1016/j.bja.2018.07.002,,,,30236235,,"",,,,,,28,0,0,0,326,0,0,4,1,0,0,0,0,0,0,0,0,140,41,https://www.altmetric.com/details/47901791,https://api.altmetric.com/v1/donut/47901791_240.png
330,"Machine learning models in electronic health records can outperform conventional survival models for predicting patient mortality in coronary artery disease","PLoS ONE",1932-6203,,,Article,true,gold,"01 Mathematical Sciences; 0104 Statistics; 08 Information and Computing Sciences; 0801 Artificial Intelligence and Image Processing","Okinawa Institute of Science and Technology; The Francis Crick Institute; University College London; University College London Hospitals NHS Foundation Trust","British Heart Foundation; Cancer Research UK; Chief Scientist Office; Economic and Social Research Council; Engineering and Physical Sciences Research Council; Health and Care Research Wales; Medical Research Council; National Institute for Health Research; The Francis Crick Institute; Versus Arthritis; Wellcome Trust",2018-08-31,10.1371/journal.pone.0202344,,,,30169498,PMC6118376,"",2018PLoSO..1302344S,,,,,26,1,0,0,231,0,0,2,0,0,0,2,0,0,0,0,0,207,51,https://www.altmetric.com/details/47575164,https://api.altmetric.com/v1/donut/47575164_240.png
329,"A chronological map of 308 physical and mental health conditions from 4 million individuals in the English National Health Service","The Lancet Digital Health",,,,Article,true,gold,"11 Medical and Health Sciences; 1103 Clinical Sciences; 1117 Public Health and Health Services","London School of Hygiene & Tropical Medicine; Moorfields Eye Hospital; National Institute for Health Research; Queen Mary University of London; St Bartholomew's Hospital; The Alan Turing Institute; University College London; University of Hong Kong; VA Boston Healthcare System","British Heart Foundation; Cancer Research UK; Department of Health and Social Care; Economic and Social Research Council; Engineering and Physical Sciences Research Council; Health and Care Research Wales; Medical Research Council; National Institute for Health Research; Wellcome Trust",2019-06-01,10.1016/s2589-7500(19)30012-3,,,,31650125,,"",,,,,,1,0,0,0,604,0,0,4,0,0,0,0,0,1,0,0,0,221,46,https://www.altmetric.com/details/60742757,https://api.altmetric.com/v1/donut/60742757_240.png
180,"Genome-wide meta-analysis identifies new loci and functional pathways influencing Alzheimer’s disease risk","Nature Genetics","1061-4036, 1546-1718",,,Article,true,green,"06 Biological Sciences; 0604 Genetics","Akershus University Hospital; Amsterdam Neuroscience; Broad Institute; Charité - University Medicine Berlin; deCODE Genetics (Iceland); Innlandet Hospital Trust; Jönköping University; Karolinska Institute; King's College London; Massachusetts General Hospital; Namsos Hospital; National Institute for Health Research; National University Hospital of Iceland; Norwegian University of Science and Technology; Oslo University Hospital; Stavanger University Hospital; St Olav's University Hospital; Sykehuset i Vestfold; University College London; University of Bergen; University of California, San Francisco; University of Cambridge; University of Iceland; University of North Carolina at Chapel Hill; University of North Carolina System; University of Oslo; University of Tromsø - The Arctic University of Norway; Vanderbilt University; Vanderbilt University Medical Center; VU University Medical Center","Dutch Research Council; European Commission; Medical Research Council; National Institute for Health Research; National Institute of General Medical Sciences; National Institute of Mental Health; National Institute on Aging; The Research Council of Norway",2019-01-07,10.1038/s41588-018-0311-9,,,,30617256,,"",,,,,,11,1,0,0,229,0,0,6,3,0,0,0,0,0,0,0,0,786,503,https://www.altmetric.com/details/53588489,https://api.altmetric.com/v1/donut/53588489_240.png
159,"Causes of death among homeless people: a population-based cross-sectional study of linked hospitalisation and mortality data in England.","Wellcome Open Research",2398-502X,,,Article,true,gold,"11 Medical and Health Sciences; 1117 Public Health and Health Services","King's College London; London School of Economics and Political Science; London School of Hygiene & Tropical Medicine; Plymouth University; Public Health England; University College London; University College London Hospitals NHS Foundation Trust; University of Liverpool","British Heart Foundation; Economic and Social Research Council; Engineering and Physical Sciences Research Council; Medical Research Council; National Institute for Health Research; NIHR Evaluation Trials and Studies Coordinating Centre; NIHR Trainees Coordinating Centre; Scottish Government Health and Social Care Directorates; South London and Maudsley NHS Foundation Trust; Wellcome Trust",2019-03-11,10.12688/wellcomeopenres.15151.1,,,,30984881,,"",,,,,,4,2,1,0,223,0,0,0,0,0,0,0,0,0,0,0,0,57,22,https://www.altmetric.com/details/56831850,https://api.altmetric.com/v1/donut/56831850_240.png
118,"The relationship between sleep duration, cognition and dementia: a Mendelian randomization study","International Journal of Epidemiology","1464-3685, 0300-5771",,,Article,true,hybrid,"11 Medical and Health Sciences; 1117 Public Health and Health Services","University College London; University of Pisa","British Heart Foundation; Cancer Research UK; Chief Scientist Office; Department of Health and Social Care; Economic and Social Research Council; Engineering and Physical Sciences Research Council; Health and Care Research Wales; Medical Research Council; National Institute for Health Research; Versus Arthritis; Wellcome Trust",2019-05-07,10.1093/ije/dyz071,,,,31062029,,"",,,,,,12,2,0,0,55,0,0,2,0,0,0,0,0,0,0,0,0,65,13,https://www.altmetric.com/details/60067787,https://api.altmetric.com/v1/donut/60067787_240.png
105,"Avoidable flaws in observational analyses: an application to statins and cancer","Nature Medicine","1078-8956, 1546-170X",,,Article,true,green,"11 Medical and Health Sciences; 1117 Public Health and Health Services","Harvard–MIT Division of Health Sciences and Technology; Harvard University; The Alan Turing Institute; University College London","Economic and Social Research Council; Medical Research Council; National Cancer Institute",2019-10-07,10.1038/s41591-019-0597-x,,,,31591592,,"",,,,,,1,1,0,0,155,0,0,0,0,0,0,0,0,0,0,0,0,122,42,https://www.altmetric.com/details/67960683,https://api.altmetric.com/v1/donut/67960683_240.png
103,"Genome-wide association and Mendelian randomisation analysis provide insights into the pathogenesis of heart failure","Nature Communications",2041-1723,,,Article,true,gold,"06 Biological Sciences; 0604 Genetics; 11 Medical and Health Sciences; 1102 Cardiorespiratory Medicine and Haematology","Aalborg Hospital; Boston University; Brigham and Women's Hospital; Broad Institute; Centre Hospitalier Universitaire de Nancy; Copenhagen University Hospital; Dalarna University; deCODE Genetics (Iceland); Emory University Hospital; Erasmus MC; Finnish Institute for Health and Welfare; Gentofte Hospital; German Centre for Cardiovascular Research; GlaxoSmithKline (United States); Glenfield Hospital; Harbor–UCLA Medical Center; Harvard University; Heidelberg University; Imperial College London; Institute of Metabolic Science; Kaiser Permanente Washington Health Research Institute; Karolinska Institute; Leiden University Medical Center; Los Angeles Biomedical Research Institute; Lund University; Massachusetts General Hospital; Medical University of Graz; Medical University of Vienna; National Heart Lung and Blood Institute; National University Hospital of Iceland; Netherlands Heart Institute; NIHR Oxford Musculoskeletal Biomedical Research Centre; Ninewells Hospital; Novartis (United States); Pfizer (United States); Regeneron (United States); Rigshospitalet; Skåne University Hospital; Stanford University; St Bartholomew's Hospital; Stockholm South General Hospital; The Alan Turing Institute; The Ohio State University Wexner Medical Center; The University of Texas Health Science Center at Houston; UCL Biomedical Research Centre; University College London; University Medical Center Groningen; University Medical Center Utrecht; University of Cambridge; University of Dundee; University of Edinburgh; University of Glasgow; University of Greifswald; University of Groningen; University of Iceland; University of Iowa; University of Liverpool; University of Lorraine; University of Maryland, Baltimore; University of Minnesota; University of Oxford; University of Pennsylvania; University of Pittsburgh Medical Center; University of Queensland; University of Tartu; University of Turku; University of Washington; Uppsala University; Utrecht University; Vanderbilt University; Wellcome Centre for Human Genetics","British Heart Foundation; Cancer Research UK; Chief Scientist Office; Economic and Social Research Council; Medical Research Council; National Heart Lung and Blood Institute; National Institute for Health Research",2020-01-09,10.1038/s41467-019-13690-5,,,,31919418,,"",,,,,,6,0,0,0,119,0,0,1,0,0,0,0,0,0,0,0,0,213,59,https://www.altmetric.com/details/73784788,https://api.altmetric.com/v1/donut/73784788_240.png
78,"Risk Factors for 1-Year Mortality and Hospital Utilization Patterns in Critical Care Survivors","Critical Care Medicine","0090-3493, 1530-0293",,,Article,true,green,"11 Medical and Health Sciences; 1103 Clinical Sciences; 1117 Public Health and Health Services","Cardiff University; Health Data Research UK; Morriston Hospital","Economic and Social Research Council; Wellcome Trust",2019-01-01,10.1097/ccm.0000000000003424,,,,30444743,,"",,,,,,5,0,0,0,135,0,0,1,0,0,0,0,0,0,0,0,0,27,21,https://www.altmetric.com/details/51306759,https://api.altmetric.com/v1/donut/51306759_240.png
71,"Developing new ways of measuring the quality and impact of ambulance service care: the PhOEBE mixed-methods research programme","Programme Grants for Applied Research","2050-4322, 2050-4330",,,Article,true,gold,"11 Medical and Health Sciences; 1117 Public Health and Health Services","East Midlands Ambulance Service NHS Trust; Swansea University; University of Lincoln; University of Sheffield; Yorkshire Ambulance Service NHS Trust","Economic and Social Research Council; National Institute for Health Research",2019-04-01,10.3310/pgfar07030,,,,31034193,,"",,,,,,0,0,0,0,144,0,0,1,0,0,0,0,0,0,0,0,0,16,3,https://www.altmetric.com/details/59667568,https://api.altmetric.com/v1/donut/59667568_240.png
60,"Genetic meta-analysis identifies 9 novel loci and functional pathways for Alzheimers disease risk","bioRxiv","",,,Article,true,green,"06 Biological Sciences; 0604 Genetics",,"Alzheimer’s Research UK; Dutch Research Council; Federal Ministry of Education and Research; Hersenstichting; Medical Research Council; National Heart Lung and Blood Institute; National Institute on Aging; Wellcome Trust",,10.1101/258533,,,,,,"",,,,,,0,0,0,0,125,0,0,2,0,0,0,0,0,0,0,0,0,105,29,https://www.altmetric.com/details/33445705,https://api.altmetric.com/v1/donut/33445705_240.png
58,"Antimicrobial-impregnated central venous catheters for prevention of neonatal bloodstream infection (PREVAIL): an open-label, parallel-group, pragmatic, randomised controlled trial","The Lancet Child & Adolescent Health","2352-4642, 2352-4650",,,Article,true,hybrid,"11 Medical and Health Sciences; 1103 Clinical Sciences; 1114 Paediatrics and Reproductive Medicine; 1117 Public Health and Health Services","Barts Health NHS Trust; Birmingham Women’s and Children’s NHS Foundation Trust; Bradford Royal Infirmary; Health Data Research UK; Izaak Walton Killam Health Centre; Queen Mary University of London; University College London; University of Liverpool; University of York","NIHR Evaluation Trials and Studies Coordinating Centre",2019-06-01,10.1016/s2352-4642(19)30114-2,,,,31040096,,"",,,,,,0,2,0,0,89,0,0,0,0,0,0,0,0,0,0,0,0,58,13,https://www.altmetric.com/details/59616681,https://api.altmetric.com/v1/donut/59616681_240.png
56,"Antidepressant drug-specific prediction of depression treatment outcomes from genetic and clinical variables","Scientific Reports",2045-2322,,,Article,true,gold,"17 Psychology and Cognitive Sciences; 1701 Psychology","Aarhus University Hospital; Central Institute of Mental Health; Dalhousie University; King's College London; Poznan University of Medical Sciences; Université Libre de Bruxelles; University of Alberta; University of Bonn; University of Ljubljana; University of Zagreb","Lundbeck (Denmark); National Institute for Health Research",2018-04-03,10.1038/s41598-018-23584-z,,,,29615645,PMC5882876,"",2018NatSR...8.5530I,,,,,0,0,0,0,116,0,0,1,0,0,0,2,0,0,0,0,0,83,26,https://www.altmetric.com/details/35365294,https://api.altmetric.com/v1/donut/35365294_240.png
48,"ALSgeneScanner: a pipeline for the analysis and interpretation of DNA sequencing data of ALS patients","Amyotrophic Lateral Sclerosis and Frontotemporal Degeneration","2167-8421, 2167-9223",,,Article,true,hybrid,"11 Medical and Health Sciences; 1109 Neurosciences","King's College London; University College London","British Heart Foundation; Cancer Research UK; Economic and Social Research Council; Engineering and Physical Sciences Research Council; European Commission; Health and Care Research Wales; Medical Research Council; Motor Neurone Disease Association; National Institute for Health Research; South London and Maudsley NHS Foundation Trust; Wellcome Trust",2019-03-05,10.1080/21678421.2018.1562553,,,,30835568,,"",,,,,,1,0,0,0,57,0,0,0,0,0,0,0,0,0,0,0,0,27,2,https://www.altmetric.com/details/56650448,https://api.altmetric.com/v1/donut/56650448_240.png
48,"Identifying clinically important COPD sub-types using data-driven approaches in primary care population based electronic health records","BMC Medical Informatics and Decision Making",1472-6947,,,Article,true,gold,"11 Medical and Health Sciences; 1117 Public Health and Health Services","Imperial College London; University College London","British Heart Foundation; British Lung Foundation; Department of Health and Social Care; Economic and Social Research Council; Engineering and Physical Sciences Research Council; Medical Research Council; National Institute for Health Research; Wellcome Trust",2019-04-18,10.1186/s12911-019-0805-0,,,,30999919,,"",,,,,,0,0,0,0,96,1,0,0,0,0,0,0,0,0,0,0,0,114,24,https://www.altmetric.com/details/59233441,https://api.altmetric.com/v1/donut/59233441_240.png
45,"Genome-wide association study provides new insights into the genetic architecture and pathogenesis of heart failure","bioRxiv","",,,Article,true,green,"06 Biological Sciences; 0604 Genetics; 11 Medical and Health Sciences; 1102 Cardiorespiratory Medicine and Haematology","Aalborg Hospital; BenevolentAI (United Kingdom); Boston University; Brigham and Women's Hospital; Broad Institute; Centre Hospitalier Universitaire de Nancy; Copenhagen University Hospital; Dalarna University; Emory University Hospital; Erasmus MC; Finnish Institute for Health and Welfare; Gentofte Hospital; German Centre for Cardiovascular Research; GlaxoSmithKline (United States); Glenfield Hospital; Harbor–UCLA Medical Center; Harvard University; Heidelberg University; Imperial College London; Institute of Metabolic Science; Kaiser Permanente Washington Health Research Institute; Karolinska Institute; Leiden University Medical Center; Los Angeles Biomedical Research Institute; Lund University; Massachusetts General Hospital; Medical University of Graz; Medical University of Vienna; National Heart Lung and Blood Institute; National University Hospital of Iceland; Netherlands Heart Institute; NIHR Oxford Musculoskeletal Biomedical Research Centre; Ninewells Hospital; Pfizer (United States); Regeneron (United States); Rigshospitalet; Skåne University Hospital; Stanford University; St Bartholomew's Hospital; Stockholm South General Hospital; The Ohio State University Wexner Medical Center; The University of Texas Health Science Center at Houston; University College London; University Medical Center Groningen; University Medical Center Utrecht; University of Cambridge; University of Dundee; University of Edinburgh; University of Glasgow; University of Greifswald; University of Groningen; University of Iceland; University of Iowa; University of Liverpool; University of Lorraine; University of Maryland, Baltimore; University of Minnesota; University of Oxford; University of Pennsylvania; University of Pittsburgh Medical Center; University of Queensland; University of Tartu; University of Turku; University of Washington; Uppsala University; Utrecht University; Vanderbilt University; Wellcome Centre for Human Genetics","Economic and Social Research Council; Medical Research Council",,10.1101/682013,,,,,,"",,,,,,0,0,0,0,89,0,0,0,0,0,0,0,0,0,0,0,0,22,1,https://www.altmetric.com/details/63387281,https://api.altmetric.com/v1/donut/63387281_240.png
42,"C9orf72 intermediate expansions of 24–30 repeats are associated with ALS","Acta Neuropathologica Communications",2051-5960,,,Article,true,gold,"11 Medical and Health Sciences; 1109 Neurosciences","Istituto Auxologico Italiano; King's College Hospital; King's College London; National Institute for Health Research; San Francisco VA Medical Center; Southampton General Hospital; University College London; University of California, San Francisco; University of Sheffield; University of Southampton","AbbVie (United States); Alzheimer's Association; BioClinica (United States); Biogen (United States); Bristol-Myers Squibb (United States); Congressionally Directed Medical Research Programs; Economic and Social Research Council; Eli Lilly (United States); European Commission; General Electric (United States); Johnson & Johnson (United States); Medical Research Council; Motor Neurone Disease Association; National Cancer Institute; National Institute for Health Research; National Institute of Biomedical Imaging and Bioengineering; National Institute on Aging; Roche (United States); South London and Maudsley NHS Foundation Trust; Wellcome Trust",2019-07-17,10.1186/s40478-019-0724-4,,,,31315673,,"",,,,,,1,0,0,0,54,0,0,0,0,0,0,0,0,0,0,0,0,59,20,https://www.altmetric.com/details/63724897,https://api.altmetric.com/v1/donut/63724897_240.png
42,"Capturing Rest-Activity Profiles in Schizophrenia Using Wearable and Mobile Technologies: Development, Implementation, Feasibility, and Acceptability of a Remote Monitoring Platform","JMIR mHealth and uHealth",2291-5222,,,Article,true,gold,"11 Medical and Health Sciences; 1117 Public Health and Health Services","Bethlem Royal Hospital; King's College London; Northwestern University","Department of Health and Social Care; Medical Research Council; National Institute for Health Research; South London and Maudsley NHS Foundation Trust",2018-10-30,10.2196/mhealth.8292,,,,30377146,,"",,,,,,0,0,0,0,71,0,0,1,0,0,0,0,0,0,0,0,0,71,22,https://www.altmetric.com/details/50486002,https://api.altmetric.com/v1/donut/50486002_240.png
40,"DNAscan: a fast, computationally and memory efficient bioinformatics pipeline for the analysis of DNA next-generation-sequencing data","bioRxiv","",,,Article,true,green,"06 Biological Sciences; 0604 Genetics; 08 Information and Computing Sciences; 0801 Artificial Intelligence and Image Processing","King's College London; National Institute for Health Research; University College London",,,10.1101/267195,,,,,,"",,,,,,0,0,0,0,81,0,0,1,0,0,0,0,0,0,0,0,0,23,1,https://www.altmetric.com/details/33361331,https://api.altmetric.com/v1/donut/33361331_240.png
36,"Socioeconomic deprivation and regional variation in Hodgkin’s lymphoma incidence in the UK: a population-based cohort study of 10 million individuals","BMJ Open",2044-6055,,,Article,true,gold,"11 Medical and Health Sciences; 1117 Public Health and Health Services","London School of Hygiene & Tropical Medicine; University College London","Cancer Research UK; Economic and Social Research Council; Medical Research Council; National Institute for Health Research; Wellcome Trust",2019-09-20,10.1136/bmjopen-2019-029228,,,,31542744,,"",,,,,,5,0,0,0,14,0,0,0,0,0,0,0,0,0,0,0,0,13,1,https://www.altmetric.com/details/66994700,https://api.altmetric.com/v1/donut/66994700_240.png
34,"Allergic disease, corticosteroid use, and risk of Hodgkin lymphoma: A United Kingdom nationwide case-control study","The Journal of Allergy and Clinical Immunology","0091-6749, 1097-6825",,,Article,true,hybrid,"11 Medical and Health Sciences; 1107 Immunology","London School of Hygiene & Tropical Medicine; University College London","Cancer Research UK; Department of Health and Social Care; Economic and Social Research Council; Medical Research Council; National Institute for Health Research; Wellcome Trust",2019-11-01,10.1016/j.jaci.2019.10.033,,,,31730878,,"",,,,,,3,0,0,0,25,0,0,2,0,0,0,0,0,0,0,0,0,20,4,https://www.altmetric.com/details/70501186,https://api.altmetric.com/v1/donut/70501186_240.png
32,"Concurrent Execution of Multiple Computer-interpretable Clinical Practice Guidelines and Their Interrelations.","Studies in health technology and informatics",,,,Article,false,closed,"08 Information and Computing Sciences; 0806 Information Systems","University of Warwick",,2019-07-04,10.3233/shti190003,,,,31349252,,"",,,,,,5,0,0,0,0,0,0,0,0,0,0,0,0,0,0,0,0,14,0,https://www.altmetric.com/details/67671371,https://api.altmetric.com/v1/donut/67671371_240.png
29,"Big data from electronic health records for early and late translational cardiovascular research: challenges and potential","European Heart Journal","1522-9645, 0195-668X",,,Article,true,hybrid,"11 Medical and Health Sciences; 1117 Public Health and Health Services","Bayer (Germany); Charité - University Medicine Berlin; European Society of Cardiology; King's College London; NIHR Maudsley Dementia Biomedical Research Unit; Universitätsmedizin Göttingen; University College London; University Medical Center Utrecht; University of Cambridge; Vifor Pharma (Switzerland)","British Heart Foundation; Cancer Research UK; Economic and Social Research Council; Engineering and Physical Sciences Research Council; European Commission; Medical Research Council; National Heart Lung and Blood Institute; National Institute for Health Research; Wellcome Trust",2017-08-29,10.1093/eurheartj/ehx487,,,,29370377,PMC6019015,"",,,,,,1,0,1,0,38,0,0,0,0,0,0,0,0,0,0,0,0,393,84,https://www.altmetric.com/details/24482064,https://api.altmetric.com/v1/donut/24482064_240.png
28,"Cross-sectional study of the prevalence, causes and management of hospital-onset diarrhoea","Journal of Hospital Infection","0195-6701, 1532-2939",,,Article,true,green,"11 Medical and Health Sciences; 1117 Public Health and Health Services","Antrim Area Hospital; Barnsley Hospital NHS Foundation Trust; Bradford Teaching Hospitals NHS Foundation Trust; Cambridge University Hospitals NHS Foundation Trust; East Lancashire Hospitals NHS Trust; Edinburgh Royal Infirmary; Friarage Hospital; Hampshire Hospitals NHS Foundation Trust; Harrogate and District NHS Foundation Trust; Hull and East Yorkshire Hospitals NHS Trust; Inverclyde Royal Hospital; James Cook University Hospital; Leeds Teaching Hospitals NHS Trust; Mid Yorkshire Hospitals NHS Trust; Nottingham University Hospitals NHS Trust; Oxford University Hospitals NHS Trust; Papworth Hospital NHS Foundation Trust; Royal Gwent Hospital; Sheffield Teaching Hospitals NHS Foundation Trust; The Royal Free Hospital; The Royal Wolverhampton NHS Trust; Ulster Hospital; University Hospital Coventry; University Hospitals of Leicester NHS Trust; University of Leeds; University of Oxford; York Teaching Hospital NHS Foundation Trust","Medical Research Council; National Institute for Health Research",2019-10-01,10.1016/j.jhin.2019.05.001,,,,31077777,,"",,,,,,0,0,0,0,48,0,0,0,0,0,0,0,0,0,0,0,0,16,3,https://www.altmetric.com/details/60319155,https://api.altmetric.com/v1/donut/60319155_240.png
27,"Subtypes of atrial fibrillation with concomitant valvular heart disease derived from electronic health records: phenotypes, population prevalence, trends and prognosis","Europace","1532-2092, 1099-5129",,,Article,false,closed,"11 Medical and Health Sciences; 1102 Cardiorespiratory Medicine and Haematology; 1117 Public Health and Health Services","Brigham and Women's Hospital; Karolinska Institute; University College London; University of Birmingham","British Heart Foundation; Cancer Research UK; Department of Health and Social Care; Economic and Social Research Council; Engineering and Physical Sciences Research Council; European Commission; Health and Care Research Wales; Medical Research Council; National Institute for Health Research; NIHR Trainees Coordinating Centre; Swedish Heart-Lung Foundation; Swedish Research Council; Wellcome Trust",2019-08-13,10.1093/europace/euz220,,,,31408153,,"",,,,,,0,0,0,0,56,0,0,0,0,0,0,0,0,0,0,0,0,31,8,https://www.altmetric.com/details/65160538,https://api.altmetric.com/v1/donut/65160538_240.png
26,"Remote assessment of disease and relapse in major depressive disorder (RADAR-MDD): a multi-centre prospective cohort study protocol","BMC Psychiatry",1471-244X,,,Article,true,gold,"11 Medical and Health Sciences; 1103 Clinical Sciences; 1117 Public Health and Health Services","Centro San Giovanni di Dio Fatebenefratelli; Janssen (Belgium); Janssen (United States); King's College London; KU Leuven; Lundbeck (Denmark); Northwestern University; University of Barcelona; University of Milano-Bicocca; VU University Medical Center","Department of Health and Social Care; European Commission; Medical Research Council; National Institute for Health Research; South London and Maudsley NHS Foundation Trust; Wellcome Trust",2019-02-18,10.1186/s12888-019-2049-z,,,,,,"",,,,,,0,1,0,0,24,0,0,1,0,0,0,0,0,0,0,0,0,175,24,https://www.altmetric.com/details/55697794,https://api.altmetric.com/v1/donut/55697794_240.png
26,"DeepPVP: phenotype-based prioritization of causative variants using deep learning","BMC Bioinformatics",1471-2105,,,Article,true,gold,"08 Information and Computing Sciences; 0801 Artificial Intelligence and Image Processing","King Abdullah University of Science and Technology; University Hospitals Birmingham NHS Foundation Trust; University of Birmingham; University of Cambridge","Directorate for Biological Sciences; European Commission",2019-02-06,10.1186/s12859-019-2633-8,,,,30727941,,"",,,,,,0,1,0,0,37,0,0,0,0,0,0,0,0,0,0,0,0,63,17,https://www.altmetric.com/details/55031042,https://api.altmetric.com/v1/donut/55031042_240.png
25,"Ontology-based prediction of cancer driver genes","Scientific Reports",2045-2322,,,Article,true,gold,"06 Biological Sciences; 0604 Genetics; 11 Medical and Health Sciences; 1112 Oncology and Carcinogenesis","King Abdulaziz University; King Abdul Aziz University Hospital; King Abdullah University of Science and Technology; NIHR Surgical Reconstruction and Microbiology Research Centre; University Hospitals Birmingham NHS Foundation Trust; University of Birmingham; University of Cambridge","Cancer Research UK; Department of Health and Social Care; Directorate for Biological Sciences; Medical Research Council; National Institute for Health Research; Wellcome Trust",2019-11-22,10.1038/s41598-019-53454-1,,,,31757986,,"",,,,,,3,0,0,0,3,0,0,0,0,0,0,0,0,1,0,0,0,24,5,https://www.altmetric.com/details/71006897,https://api.altmetric.com/v1/donut/71006897_240.png
25,"Improving the odds of drug development success through human genomics: modelling study","Scientific Reports",2045-2322,,,Article,true,gold,"06 Biological Sciences; 0604 Genetics","Amnesty International; Dorset County Hospital NHS Foundation Trust; European Bioinformatics Institute; Health Data Research UK; Medicines Discovery Catapult; United States Department of Veterans Affairs; Universidad Católica San Antonio de Murcia; University College London","British Heart Foundation; Cancer Research UK; Chief Scientist Office; Economic and Social Research Council; Engineering and Physical Sciences Research Council; Health and Care Research Wales; Medical Research Council; National Institute for Health Research; Rosetrees Trust; Versus Arthritis; Wellcome Trust",2019-12-11,10.1038/s41598-019-54849-w,,,,31827124,,"",,,,,,1,1,0,0,20,0,0,0,0,0,0,0,0,0,0,0,0,78,19,https://www.altmetric.com/details/72616526,https://api.altmetric.com/v1/donut/72616526_240.png
25,"Semantic computational analysis of anticoagulation use in atrial fibrillation from real world data","PLoS ONE",1932-6203,,,Article,true,gold,"11 Medical and Health Sciences; 1117 Public Health and Health Services","Hospital Prof. Dr. Fernando Fonseca; King's College Hospital NHS Foundation Trust; King's College London; Nanjing University of Information Science and Technology; National Institute for Health Research; University College London; University of Edinburgh","British Heart Foundation; Chief Scientist Office; Department of Health and Social Care; Economic and Social Research Council; Engineering and Physical Sciences Research Council; European Commission; Medical Research Council; National Institute for Health Research; Scottish Government Health and Social Care Directorates; South London and Maudsley NHS Foundation Trust; Wellcome Trust",2019-11-25,10.1371/journal.pone.0225625,,,,31765395,,"",,,,,,0,0,0,0,45,0,0,0,0,0,0,0,0,0,0,0,0,18,5,https://www.altmetric.com/details/71191263,https://api.altmetric.com/v1/donut/71191263_240.png
25,"UK phenomics platform for developing and validating electronic health record phenotypes: CALIBER","Journal of the American Medical Informatics Association","1527-974X, 1067-5027",,,Article,true,hybrid,"11 Medical and Health Sciences; 1117 Public Health and Health Services","Health Data Research UK; King's College London; The Alan Turing Institute; UCL Biomedical Research Centre; University College London; University of Edinburgh","British Heart Foundation; Department of Health and Social Care; Economic and Social Research Council; European Commission; Medical Research Council; National Institute for Health Research; South London and Maudsley NHS Foundation Trust",2019-07-22,10.1093/jamia/ocz105,,,,31329239,,"",,,,,,0,0,0,0,42,0,0,0,0,0,0,0,0,0,0,0,0,91,32,https://www.altmetric.com/details/63920416,https://api.altmetric.com/v1/donut/63920416_240.png
24,"Telomere length is greater in ALS than in controls: a whole genome sequencing study","Amyotrophic Lateral Sclerosis and Frontotemporal Degeneration","2167-8421, 2167-9223",,,Article,true,hybrid,"11 Medical and Health Sciences; 1103 Clinical Sciences; 1109 Neurosciences","King's College Hospital; King's College London; University College London; University of Sheffield","Economic and Social Research Council; European Commission; Medical Research Council; Motor Neurone Disease Association; National Institute for Health Research; Wellcome Trust",2019-04-01,10.1080/21678421.2019.1586951,,,,30931641,,"",,,,,,1,0,0,0,26,0,0,0,0,0,0,0,0,0,0,0,0,24,4,https://www.altmetric.com/details/58268205,https://api.altmetric.com/v1/donut/58268205_240.png
22,"Are children with clinical obesity at increased risk of inpatient hospital admissions? An analysis using linked electronic health records in the UK millennium cohort study","International Journal of Pediatric Obesity","1747-7166, 1747-7174, 2047-6310, 2047-6302",,,Article,true,hybrid,"11 Medical and Health Sciences; 1114 Paediatrics and Reproductive Medicine; 1117 Public Health and Health Services","Health Data Research UK; Queen Mary University of London; Swansea University; University College London","Asthma UK; British Heart Foundation; Chief Scientist Office; Department of Health and Social Care; Economic and Social Research Council; Engineering and Physical Sciences Research Council; Great Ormond Street Hospital; Medical Research Council; NIHR Evaluation Trials and Studies Coordinating Centre; Scottish Government Health and Social Care Directorates; Wellcome Trust",2019-01-18,10.1111/ijpo.12505,,,,30659777,,"",,,,,,0,0,0,0,44,0,0,0,0,0,0,0,0,0,0,0,0,30,1,https://www.altmetric.com/details/54219016,https://api.altmetric.com/v1/donut/54219016_240.png
21,"In response to Ballantyne and Schaefer’s ‘Consent and the ethical duty to participate in health data research’","Journal of Medical Ethics","0306-6800, 1473-4257",,,Article,true,hybrid,"11 Medical and Health Sciences; 1117 Public Health and Health Services","King's College Hospital NHS Foundation Trust; King's College London","Medical Research Council; National Institute for Health Research",2019-01-07,10.1136/medethics-2018-105271,,,,30617201,,"",,,,,,0,2,0,0,22,0,0,0,0,0,0,0,0,0,0,0,0,19,2,https://www.altmetric.com/details/53633736,https://api.altmetric.com/v1/donut/53633736_240.png
21,"The EMIF-AD Multimodal Biomarker Discovery study: design, methods and cohort characteristics","Alzheimer's Research & Therapy",1758-9193,,,Article,true,gold,"11 Medical and Health Sciences; 1109 Neurosciences","Centro San Giovanni di Dio Fatebenefratelli; Consorci Institut D'Investigacions Biomediques August Pi I Sunyer; Hospital de Sant Pau; Imperial College London; King's College London; KU Leuven; Maastricht University; National Institute for Health Research; NIHR Maudsley Dementia Biomedical Research Unit; Pasqual Maragall Foundation; Sahlgrenska University Hospital; Universitair Ziekenhuis Leuven; University College London; University Hospital of Geneva; University Hospital of Lausanne; University of Antwerp; University of Geneva; University of Gothenburg; University of Lübeck; University of Oslo; University of Oxford; VU University Medical Center; Ziekenhuisnetwerk Antwerpen Stuivenberg","Basque Government; European Commission; European Research Council; Research Foundation - Flanders; Swiss National Science Foundation; Vlaams Instituut voor Biotechnologie",2018-07-06,10.1186/s13195-018-0396-5,,,,29980228,PMC6035398,"",,,,,,2,0,0,0,9,0,0,0,0,0,0,0,0,0,0,0,0,77,25,https://www.altmetric.com/details/44616014,https://api.altmetric.com/v1/donut/44616014_240.png
18,"La déclaration RECORD (Reporting of Studies Conducted Using Observational Routinely Collected Health Data) : directives pour la communication des études réalisées à partir de données de santé collectées en routine","Canadian Medical Association Journal","0820-3946, 0008-4409, 1488-2329",,,Article,true,gold,"11 Medical and Health Sciences","École des Hautes Etudes en Santé Publique; Great Ormond Street Hospital; London School of Hygiene & Tropical Medicine; Sorbonne Paris Cité; University Hospital of Lausanne; University of Lausanne","Cancer Research UK; Swiss National Science Foundation; Wellcome Trust",2019-02-25,10.1503/cmaj.181309,,,,30803952,,"",,,,,,0,1,0,0,12,0,0,1,0,0,0,0,0,0,0,0,0,1,1,https://www.altmetric.com/details/56035360,https://api.altmetric.com/v1/donut/56035360_240.png
17,"SemEHR: A general-purpose semantic search system to surface semantic data from clinical notes for tailored care, trial recruitment, and clinical research*","Journal of the American Medical Informatics Association","1527-974X, 1067-5027",,,Article,true,hybrid,"08 Information and Computing Sciences; 0801 Artificial Intelligence and Image Processing; 0806 Information Systems; 11 Medical and Health Sciences; 1117 Public Health and Health Services","King's College Hospital NHS Foundation Trust; King's College London; Nanjing University of Information Science and Technology; South London and Maudsley NHS Foundation Trust; University College London; University of Melbourne; University of Sheffield","British Heart Foundation; Cancer Research UK; Chief Scientist Office; Economic and Social Research Council; Engineering and Physical Sciences Research Council; Health and Care Research Wales; Medical Research Council; National Institute for Health Research; Versus Arthritis; Wellcome Trust",2018-01-19,10.1093/jamia/ocx160,,,,29361077,PMC6019046,"",,,,,,0,0,0,0,24,0,0,1,0,0,0,0,0,1,0,0,0,134,35,https://www.altmetric.com/details/31947391,https://api.altmetric.com/v1/donut/31947391_240.png
17,"Associations Between Measures of Sarcopenic Obesity and Risk of Cardiovascular Disease and Mortality: A Cohort Study and Mendelian Randomization Analysis Using the UK Biobank","Journal of the American Heart Association Cardiovascular and Cerebrovascular Disease",2047-9980,,,Article,true,gold,"11 Medical and Health Sciences; 1103 Clinical Sciences","Farr Institute; London School of Hygiene & Tropical Medicine; University College London; University Medical Center Utrecht","Diabetes UK; Economic and Social Research Council; Medical Research Council; Wellcome Trust",2019-07-02,10.1161/jaha.118.011638,,,,31221000,,"",,,,,,1,0,0,0,16,0,0,0,0,0,0,0,0,0,0,0,0,42,22,https://www.altmetric.com/details/63518033,https://api.altmetric.com/v1/donut/63518033_240.png
15,"Multi-omic analyses reveal antibody-dependent natural killer cell-mediated cytotoxicity in autoimmune thyroid diseases","bioRxiv","",,,Article,true,green,"11 Medical and Health Sciences; 1107 Immunology","Genos (Croatia); Guy's and St Thomas' NHS Foundation Trust; Icahn School of Medicine at Mount Sinai; King's College London; National Institute of Allergy and Infectious Diseases; Sir Charles Gairdner Hospital; University College London; University of Cambridge; University of Western Australia; University of Zagreb","Medical Research Council",2019-06-06,10.1101/662957,,,,,,"",,,,,,0,0,0,0,29,0,0,0,0,0,0,0,0,0,0,0,0,7,0,https://www.altmetric.com/details/61629831,https://api.altmetric.com/v1/donut/61629831_240.png
14,"On classifying sepsis heterogeneity in the ICU: insight using machine learning","Journal of the American Medical Informatics Association","1527-974X, 1067-5027",,,Article,true,hybrid,"08 Information and Computing Sciences; 0801 Artificial Intelligence and Image Processing","East and North Hertfordshire NHS Trust; King's College London; Luigi Sacco Hospital; University College London; University of Augsburg; University of Edinburgh","British Heart Foundation; Economic and Social Research Council; Engineering and Physical Sciences Research Council; Medical Research Council; National Institute for Health Research; Scottish Government Health and Social Care Directorates; South London and Maudsley NHS Foundation Trust; Wellcome Trust",2020-01-17,10.1093/jamia/ocz211,,,,31951005,,"",,,,,,0,0,0,0,24,0,0,1,0,0,0,0,0,0,0,0,0,49,8,https://www.altmetric.com/details/74187036,https://api.altmetric.com/v1/donut/74187036_240.png
14,"UK phenomics platform for developing and validating EHR phenotypes: CALIBER","bioRxiv","",,,Article,true,green,"11 Medical and Health Sciences; 1117 Public Health and Health Services","Health Data Research UK; King's College London; University College London; University of Edinburgh","Department of Health and Social Care; Economic and Social Research Council; Medical Research Council; National Institute for Health Research",,10.1101/539403,,,,,,"",,,,,,0,0,0,0,20,0,0,0,0,0,0,0,0,0,0,0,0,27,4,https://www.altmetric.com/details/54960390,https://api.altmetric.com/v1/donut/54960390_240.png
13,"Loss of Trem2 in microglia leads to widespread disruption of cell coexpression networks in mouse brain","Neurobiology of Aging","0197-4580, 1558-1497",,,Article,true,hybrid,"11 Medical and Health Sciences; 1109 Neurosciences","Eli Lilly (United Kingdom); Eli Lilly (United States); King's College London; National Institute for Health Research; Queen Mary University of London; University College London","British Heart Foundation; Cancer Research UK; Economic and Social Research Council; Eli Lilly (United States); Engineering and Physical Sciences Research Council; European Commission; Health and Care Research Wales; Medical Research Council; National Institute for Health Research; Office of the Director; Wellcome Trust",2018-09-01,10.1016/j.neurobiolaging.2018.04.019,,,,29906661,PMC6075941,"",,,,,,1,0,0,0,5,0,0,0,0,0,0,0,0,0,0,0,0,65,14,https://www.altmetric.com/details/41878387,https://api.altmetric.com/v1/donut/41878387_240.png
12,"A patient flow simulator for healthcare management education","BMJ Simulation & Technology Enhanced Learning",2056-6697,,,Article,true,hybrid,"08 Information and Computing Sciences; 0801 Artificial Intelligence and Image Processing","King's College London; University College London","Medical Research Council; National Institute for Health Research; Wellcome Trust",2017-10-07,10.1136/bmjstel-2017-000251,,,,30637119,,"",,,,,,0,0,0,0,18,0,0,2,0,0,0,0,0,0,0,0,0,69,6,https://www.altmetric.com/details/27188572,https://api.altmetric.com/v1/donut/27188572_240.png
12,"A Blood Test for Alzheimer’s Disease: Progress, Challenges, and Recommendations","Journal of Alzheimer's Disease","1387-2877, 1875-8908",,,Article,true,green,"11 Medical and Health Sciences; 1109 Neurosciences","King's College London; NIHR Maudsley Dementia Biomedical Research Unit; University College London; University of Cambridge","British Heart Foundation; Cancer Research UK; Chief Scientist Office; Medical Research Council; Versus Arthritis; Wellcome Trust",2018-06-12,10.3233/jad-179904,,,,29614671,PMC6010156,"",,,,,,1,0,0,0,5,0,0,0,0,0,0,0,0,0,0,0,0,38,7,https://www.altmetric.com/details/35394093,https://api.altmetric.com/v1/donut/35394093_240.png
12,"Critical Care Health Informatics Collaborative (CCHIC): Data, tools and methods for reproducible research: A multi-centre UK intensive care database","International Journal of Medical Informatics","1386-5056, 1872-8243",,,Article,true,green,"08 Information and Computing Sciences; 0801 Artificial Intelligence and Image Processing; 0806 Information Systems","Guy's and St Thomas' NHS Foundation Trust; Hammersmith Hospital; King's College London; St Mary's Hospital; University College Hospital; University College London; University College London Hospitals NHS Foundation Trust; University of Cambridge; University of Oxford","National Institute for Health Research",2018-04-01,10.1016/j.ijmedinf.2018.01.006,,,,29500026,,"",,,,,,0,0,0,0,20,0,0,0,0,0,0,0,0,0,0,0,0,99,24,https://www.altmetric.com/details/32708850,https://api.altmetric.com/v1/donut/32708850_240.png
11,"Transcriptomic analysis of probable asymptomatic and symptomatic alzheimer brains","Brain, Behavior & Immunity","0889-1591, 1090-2139",,,Article,true,hybrid,"11 Medical and Health Sciences; 1109 Neurosciences","King's College London; UCL Biomedical Research Centre; University College London","British Heart Foundation; Chief Scientist Office; Medical Research Council; National Institute for Health Research; South London and Maudsley NHS Foundation Trust; Wellcome Trust",2019-08-01,10.1016/j.bbi.2019.05.009,,,,31063847,,"",,,,,,1,0,0,0,4,0,0,0,0,0,0,0,0,0,0,0,0,42,14,https://www.altmetric.com/details/60109668,https://api.altmetric.com/v1/donut/60109668_240.png
11,"Clarithromycin and endoscopic sinus surgery for adults with chronic rhinosinusitis with and without nasal polyps: study protocol for the MACRO randomised controlled trial","Trials",1745-6215,,,Article,true,gold,"11 Medical and Health Sciences; 1103 Clinical Sciences; 1117 Public Health and Health Services","Guy's and St Thomas' NHS Foundation Trust; Imperial College London; James Paget University Hospital; University College London; University of East Anglia; University of Oxford; University of Southampton","Economic and Social Research Council; Medical Research Council; National Institute for Health Research",2019-04-29,10.1186/s13063-019-3314-7,,,,31036048,,"",,,,,,1,0,0,0,4,0,0,0,0,0,0,0,0,0,0,0,0,36,6,https://www.altmetric.com/details/59763835,https://api.altmetric.com/v1/donut/59763835_240.png
11,"Clinically recorded heart rate and incidence of 12 coronary, cardiac, cerebrovascular and peripheral arterial diseases in 233,970 men and women: A linked electronic health record study","European Journal of Preventive Cardiology","2047-4873, 2047-4881",,,Article,true,green,"11 Medical and Health Sciences; 1102 Cardiorespiratory Medicine and Haematology; 1117 Public Health and Health Services","Barts Health NHS Trust; Imperial College London; Paris Cardiovascular Research Center; University of Leeds","Chief Scientist Office; Medical Research Council; National Institute for Health Research; Wellcome Trust",2018-07-02,10.1177/2047487318785228,,,,29966429,,"",,,,,,0,0,0,0,27,0,0,0,0,0,0,0,0,0,0,0,0,26,18,https://www.altmetric.com/details/44474252,https://api.altmetric.com/v1/donut/44474252_240.png
10,"A Meta-Analysis of Alzheimer’s Disease Brain Transcriptomic Data","Journal of Alzheimer's Disease","1387-2877, 1875-8908",,,Article,true,hybrid,"11 Medical and Health Sciences; 1109 Neurosciences","King's College London; UCL Biomedical Research Centre; University College London","British Heart Foundation; Chief Scientist Office; Department of Health and Social Care; Economic and Social Research Council; Engineering and Physical Sciences Research Council; Medical Research Council; National Institute for Health Research; Scottish Government Health and Social Care Directorates; South London and Maudsley NHS Foundation Trust; Wellcome Trust",2019-04-23,10.3233/jad-181085,,,,30909231,,"",,,,,,1,0,0,0,6,0,0,0,0,0,0,0,0,0,0,0,0,73,23,https://www.altmetric.com/details/57813792,https://api.altmetric.com/v1/donut/57813792_240.png
10,"Bayesian hierarchical meta?analytic methods for modeling surrogate relationships that vary across treatment classes using aggregate data","Statistics in Medicine","0277-6715, 1097-0258",,,Article,true,hybrid,"01 Mathematical Sciences; 0104 Statistics","Bocconi University; Roche (Switzerland); University of Exeter; University of Glasgow; University of Leicester","Medical Research Council; National Institute for Health Research",2020-01-28,10.1002/sim.8465,,,,31990083,,"",,,,,,0,0,0,0,17,0,0,0,0,0,0,0,0,0,0,0,0,9,1,https://www.altmetric.com/details/74631834,https://api.altmetric.com/v1/donut/74631834_240.png
10,"Association of physical health multimorbidity with mortality in people with schizophrenia spectrum disorders: Using a novel semantic search system that captures physical diseases in electronic patient records","Schizophrenia Research","0920-9964, 1573-2509",,,Article,true,green,"11 Medical and Health Sciences; 1103 Clinical Sciences; 1117 Public Health and Health Services","Aalborg Hospital; Aalborg University; King's College London; South London and Maudsley NHS Foundation Trust; University College London; University of Edinburgh","Department of Health and Social Care; Engineering and Physical Sciences Research Council; King's College London; Medical Research Council; National Institute for Health Research; South London and Maudsley NHS Foundation Trust",2020-02-01,10.1016/j.schres.2019.10.061,,,,31787481,,"",,,,,,0,0,0,0,19,0,0,0,0,0,0,0,0,0,0,0,0,32,4,https://www.altmetric.com/details/71340933,https://api.altmetric.com/v1/donut/71340933_240.png
10,"Reflections on modern methods: linkage error bias","International Journal of Epidemiology","1464-3685, 0300-5771",,,Article,true,hybrid,"11 Medical and Health Sciences; 1117 Public Health and Health Services","Intensive Care National Audit & Research Centre; University College London","Department of Health and Social Care; Economic and Social Research Council; Great Ormond Street Hospital; Medical Research Council; National Institute for Health Research; Wellcome Trust",2019-10-21,10.1093/ije/dyz203,,,,31633184,,"",,,,,,0,0,0,0,23,0,0,0,0,0,0,0,0,0,0,0,0,33,5,https://www.altmetric.com/details/69120314,https://api.altmetric.com/v1/donut/69120314_240.png
9,"Bleeding in cardiac patients prescribed antithrombotic drugs: electronic health record phenotyping algorithms, incidence, trends and prognosis","BMC Medicine",1741-7015,,,Article,true,gold,"11 Medical and Health Sciences; 1102 Cardiorespiratory Medicine and Haematology; 1117 Public Health and Health Services","King's College Hospital NHS Foundation Trust; King's College London; National Health Service; Queen Mary University of London; UCL Biomedical Research Centre; University College London; University of Leeds; University of Strathclyde","AstraZeneca (United Kingdom); British Heart Foundation; Cancer Research UK; Chief Scientist Office; Economic and Social Research Council; Medical Research Council; National Institute for Health Research; Versus Arthritis; Wellcome Trust",2019-11-20,10.1186/s12916-019-1438-y,,,,31744503,,"",,,,,,0,0,0,0,18,0,0,0,0,0,0,0,0,0,0,0,0,24,1,https://www.altmetric.com/details/70840950,https://api.altmetric.com/v1/donut/70840950_240.png
9,"Phenome-wide association analysis of LDL-cholesterol lowering genetic variants in PCSK9","BMC Cardiovascular Disorders",1471-2261,,,Article,true,gold,"11 Medical and Health Sciences; 1102 Cardiorespiratory Medicine and Haematology","Academic Medical Center; Assistance Publique – Hôpitaux de Paris; Bærum Sykehus; Baylor College of Medicine; Bispebjerg Hospital; Boston University; Bradford Royal Infirmary; Brigham and Women's Hospital; Center for Human Genetics; Centre de Recherche des Cordeliers; Centre Hospitalier Universitaire de Nantes; Charité - University Medicine Berlin; Children's Hospital of Philadelphia; Cyprus University of Technology; Erasmus MC; Erasmus MC Cancer Institute; German Cancer Research Center; German Centre for Cardiovascular Research; German Institute of Human Nutrition; Health Data Research UK; Humboldt University of Berlin; Hunter Medical Research Institute; Hunter New England Local Health District; Imperial College London; Innsbruck Medical University; Institut du Cerveau; Institute of Cancer Research; Integrated Genomics and Metabolic Diseases Modeling; Italian institute for Genomic Medicine; Jagiellonian University; Kaiser Permanente Washington Health Research Institute; Leiden University Medical Center; Lithuanian University of Health Sciences; London School of Hygiene & Tropical Medicine; Ludwig-Maximilians-Universität München; Lund University; Mayo Clinic; National Institute of Public Health; Netherlands Heart Institute; Newcastle University; Novosibirsk State Medical University; Pennsylvania State University; Population Health Research Institute; Siberian Branch of the Russian Academy of Sciences; Skåne University Hospital; Sorbonne University; South Australian Health and Medical Research Institute; Stanford University; St Bartholomew's Hospital; UCL Biomedical Research Centre; Universidade Federal de Pelotas; University College London; University Hospital Cologne; University Hospital Heidelberg; University Hospital of Bern; University Hospital of Lausanne; University Medical Center Groningen; University Medical Center Utrecht; University of Arkansas for Medical Sciences; University of Bern; University of Bonn; University of Bristol; University of Colorado Denver; University of Copenhagen; University of Edinburgh; University of Essex; University of Glasgow; University of Greifswald; University of London; University of Lübeck; University of Minnesota; University of Newcastle Australia; University of Nicosia; University of Oslo; University of Oxford; University of Paris; University of Pennsylvania; University of Potsdam; University of South Australia; University of Turin; University of Washington; Uppsala University; Utrecht University; VA Boston Healthcare System; Vanderbilt University; Wellcome Centre for Human Genetics; Women's Health Initiative","British Heart Foundation; Cancer Research UK; Chief Scientist Office; Economic and Social Research Council; European Commission; Medical Research Council; National Heart Lung and Blood Institute; National Institute for Health Research; National Institute of Mental Health; National Institute on Aging; Versus Arthritis; Wellcome Trust",2019-10-29,10.1186/s12872-019-1187-z,,,,31664920,,"",,,,,,0,0,0,0,19,0,0,2,0,0,0,0,0,0,0,0,0,118,7,https://www.altmetric.com/details/69563062,https://api.altmetric.com/v1/donut/69563062_240.png
9,"Loss of Trem2 in microglia leads to widespread disruption of cell co-expression networks in mouse brain","bioRxiv","",,,Article,true,green,"06 Biological Sciences; 0604 Genetics; 11 Medical and Health Sciences; 1109 Neurosciences","Eli Lilly (United Kingdom); Eli Lilly (United States); King's College London; National Institute for Health Research; Queen Mary University of London; University College London","British Heart Foundation; Cancer Research UK; Economic and Social Research Council; Eli Lilly (United States); Engineering and Physical Sciences Research Council; European Commission; Health and Care Research Wales; Medical Research Council; National Institute for Health Research; Wellcome Trust",2018-01-17,10.1101/248757,,,,,,"",,,,,,0,1,0,0,4,0,0,1,0,0,0,0,0,0,0,0,0,13,0,https://www.altmetric.com/details/31805033,https://api.altmetric.com/v1/donut/31805033_240.png
9,"RADAR-Base: Open Source Mobile Health Platform for Collecting, Monitoring, and Analyzing Data Using Sensors, Wearables, and Mobile Devices","JMIR mHealth and uHealth",2291-5222,,,Article,true,gold,"11 Medical and Health Sciences; 1117 Public Health and Health Services","Janssen (Belgium); King's College London; University College London; University Medical Center Freiburg","Department of Health and Social Care; European Commission; Medical Research Council; National Institute for Health Research; South London and Maudsley NHS Foundation Trust",2019-08-01,10.2196/11734,,,,31373275,,"",,,,,,0,0,0,0,19,0,0,1,0,0,0,0,0,0,0,0,0,108,23,https://www.altmetric.com/details/56605839,https://api.altmetric.com/v1/donut/56605839_240.png
9,"Testing for Dependence on Tree Structures","bioRxiv","",,,Article,true,green,"01 Mathematical Sciences; 0104 Statistics","Max Planck Institute for Biophysical Chemistry","Deutsche Forschungsgemeinschaft; Engineering and Physical Sciences Research Council; Medical Research Council",,10.1101/622811,,,,,,"",,,,,,0,0,0,0,16,0,0,0,0,0,0,0,0,0,0,0,0,17,0,https://www.altmetric.com/details/59744188,https://api.altmetric.com/v1/donut/59744188_240.png
9,"Automatic CNN-based detection of cardiac MR motion artefacts using k-space data augmentation and curriculum learning","Medical Image Analysis","1361-8415, 1361-8423",,,Article,true,hybrid,"09 Engineering; 11 Medical and Health Sciences","Guy's and St Thomas' NHS Foundation Trust; Imperial College London; King's College London","Engineering and Physical Sciences Research Council; King's College London; Wellcome Trust",2019-07-01,10.1016/j.media.2019.04.009,,,,31055126,,"",,,,,,0,0,0,0,16,0,0,0,0,0,0,0,0,0,0,0,0,125,16,https://www.altmetric.com/details/59356312,https://api.altmetric.com/v1/donut/59356312_240.png
8,"Expert panel process to optimise the design of a randomised controlled trial in chronic rhinosinusitis (the MACRO programme)","Trials",1745-6215,,,Article,true,gold,"11 Medical and Health Sciences; 1117 Public Health and Health Services","Guy's and St Thomas' NHS Foundation Trust; Imperial College London; James Paget University Hospital; London School of Hygiene & Tropical Medicine; University College London; University of East Anglia; University of Oxford; University of Southampton","Department of Health and Social Care; Economic and Social Research Council; Medical Research Council; National Institute for Health Research",2019-04-23,10.1186/s13063-019-3318-3,,,,31014344,,"",,,,,,0,1,0,0,2,0,0,0,0,0,0,0,0,0,0,0,0,26,2,https://www.altmetric.com/details/59429465,https://api.altmetric.com/v1/donut/59429465_240.png
8,"A Collaborative Platform for Management of Chronic Diseases via Guideline-Driven Individualized Care Plans","Computational and Structural Biotechnology Journal",2001-0370,,,Article,true,gold,"01 Mathematical Sciences; 0103 Numerical and Computational Mathematics; 08 Information and Computing Sciences; 0802 Computation Theory and Mathematics","Assistance Publique – Hôpitaux de Paris; empirica - Communication and Technology Research; Karolinska Institute; Kronikgune; Örebro University; Osakidetza; Software Research and Development Consulting; South Warwickshire NHS Foundation Trust; Umeå University; University of Warwick","European Commission",2019-01-01,10.1016/j.csbj.2019.06.003,,,,31333814,,"",,,,,,0,0,0,0,9,0,0,0,0,0,0,0,0,0,0,0,0,67,5,https://www.altmetric.com/details/61955362,https://api.altmetric.com/v1/donut/61955362_240.png
8,"Can we estimate the length of stay of very preterm multiples?","Archives of Disease in Childhood -- Fetal & Neonatal Edition","1359-2998, 1468-2052",,,Article,false,closed,"11 Medical and Health Sciences; 1114 Paediatrics and Reproductive Medicine","Imperial College London; University of Leicester","National Institute for Health Research",2019-02-02,10.1136/archdischild-2018-316321,,,,30711925,,"",,,,,,0,0,0,0,14,0,0,0,0,0,0,0,0,0,0,0,0,1,1,https://www.altmetric.com/details/55151651,https://api.altmetric.com/v1/donut/55151651_240.png
8,"Metformin use and cardiovascular outcomes after acute myocardial infarction in patients with type 2 diabetes: a cohort study","Cardiovascular Diabetology",1475-2840,,,Article,true,gold,"11 Medical and Health Sciences; 1102 Cardiorespiratory Medicine and Haematology; 1117 Public Health and Health Services","King's College London; London School of Hygiene & Tropical Medicine; UCL Biomedical Research Centre; University College London; University of Leeds","Academy of Medical Sciences; British Heart Foundation; Cancer Research UK; Chief Scientist Office; Department of Health and Social Care; Economic and Social Research Council; Medical Research Council; National Institute for Health Research; Versus Arthritis; Wellcome Trust",2019-12-09,10.1186/s12933-019-0972-4,,,,31815634,,"",,,,,,0,0,0,0,16,0,0,0,0,0,0,0,0,0,0,0,0,46,5,https://www.altmetric.com/details/72588685,https://api.altmetric.com/v1/donut/72588685_240.png
7,"ALSgeneScanner: a pipeline for the analysis and interpretation of DNA NGS data of ALS patients","bioRxiv","",,,Article,true,green,"06 Biological Sciences; 0604 Genetics; 11 Medical and Health Sciences; 1109 Neurosciences","Istituto Auxologico Italiano; King's College London; University College London",,2018-07-26,10.1101/378158,,,,,,"",,,,,,0,0,0,0,14,0,0,0,0,0,0,0,0,0,0,0,0,7,0,https://www.altmetric.com/details/45575471,https://api.altmetric.com/v1/donut/45575471_240.png
7,"Bivariate network meta?analysis for surrogate endpoint evaluation","Statistics in Medicine","0277-6715, 1097-0258",,,Article,true,hybrid,"01 Mathematical Sciences; 0104 Statistics","AstraZeneca (United Kingdom); Roche (Switzerland); University College London; University of Leicester","Medical Research Council; National Institute for Health Research",2019-05-26,10.1002/sim.8187,,,,31131475,,"",,,,,,0,0,0,0,14,0,0,0,0,0,0,0,0,0,0,0,0,17,5,https://www.altmetric.com/details/61148266,https://api.altmetric.com/v1/donut/61148266_240.png
7,"-Omics biomarker identification pipeline for translational medicine","Journal of Translational Medicine",1479-5876,,,Article,true,gold,"11 Medical and Health Sciences","Health Data Research UK; Medical Research Council Harwell; NIHR Surgical Reconstruction and Microbiology Research Centre; University Hospitals Birmingham NHS Foundation Trust; University of Birmingham","National Human Genome Research Institute; National Institute for Health Research",2019-05-14,10.1186/s12967-019-1912-5,,,,31088492,,"",,,,,,0,0,0,0,12,0,0,0,0,0,0,0,0,0,0,0,0,51,13,https://www.altmetric.com/details/60442866,https://api.altmetric.com/v1/donut/60442866_240.png
7,"Meta-analysis of Alzheimer's disease brain transcriptomic data","bioRxiv","",,,Article,true,green,"06 Biological Sciences; 0604 Genetics; 11 Medical and Health Sciences; 1109 Neurosciences","King's College London; UCL Biomedical Research Centre; University College London","British Heart Foundation; Department of Health and Social Care; Economic and Social Research Council; Engineering and Physical Sciences Research Council; Medical Research Council; National Institute for Health Research; Scottish Government Health and Social Care Directorates; South London and Maudsley NHS Foundation Trust; Wellcome Trust",,10.1101/480459,,,,,,"",,,,,,0,0,0,0,18,0,0,0,0,0,0,0,0,0,0,0,0,11,2,https://www.altmetric.com/details/51945687,https://api.altmetric.com/v1/donut/51945687_240.png
7,"Efficient Reuse of Natural Language Processing Models for Phenotype-Mention Identification in Free-text Electronic Medical Records: A Phenotype Embedding Approach","JMIR Medical Informatics",2291-9694,,,Article,true,gold,"08 Information and Computing Sciences; 0806 Information Systems","King's College London; Nanjing University of Information Science and Technology; South London and Maudsley NHS Foundation Trust; University College London; University of Edinburgh; University of Melbourne","Department of Health and Social Care; Medical Research Council; National Institute for Health Research; South London and Maudsley NHS Foundation Trust",2019-12-17,10.2196/14782,,,,31845899,,"",,,,,,0,0,0,0,12,0,0,1,0,0,0,0,0,0,0,0,0,23,1,https://www.altmetric.com/details/69171655,https://api.altmetric.com/v1/donut/69171655_240.png
7,"Dengue during pregnancy and live birth outcomes: a cohort of linked data from Brazil","BMJ Open",2044-6055,,,Article,true,gold,"11 Medical and Health Sciences; 1114 Paediatrics and Reproductive Medicine; 1117 Public Health and Health Services","Federal University of Bahia; London School of Hygiene & Tropical Medicine; Oswaldo Cruz Foundation; Universidade de São Paulo","European Commission; National Council for Scientific and Technological Development; Wellcome Trust",2019-07-24,10.1136/bmjopen-2018-023529,,,,31345962,,"",,,,,,0,0,0,0,11,0,0,0,0,0,0,0,0,0,0,0,0,39,2,https://www.altmetric.com/details/64004491,https://api.altmetric.com/v1/donut/64004491_240.png
6,"Annotating and detecting phenotypic information for chronic obstructive pulmonary disease","JAMIA Open",2574-2531,,,Article,true,gold,"08 Information and Computing Sciences; 0801 Artificial Intelligence and Image Processing","Birmingham City University; Salford Royal NHS Foundation Trust; University of Birmingham; University of Manchester","Directorate for Biological Sciences; Medical Research Council; National Institute for Health Research; United States Department of Health and Human Services",2019-04-26,10.1093/jamiaopen/ooz009,,,,31984360,,"",,,,,,0,0,0,0,9,0,0,1,0,0,0,0,0,0,0,0,0,15,0,https://www.altmetric.com/details/59807664,https://api.altmetric.com/v1/donut/59807664_240.png
6,"Natural language processing for disease phenotyping in UK primary care records for research: a pilot study in myocardial infarction and death","Journal of Biomedical Semantics",2041-1480,,,Article,true,gold,"06 Biological Sciences; 0699 Other Biological Sciences; 08 Information and Computing Sciences; 0801 Artificial Intelligence and Image Processing; 0806 Information Systems","Department of Health and Social Care; King's College London; UCL Biomedical Research Centre; University College London; University College London Hospitals NHS Foundation Trust","British Heart Foundation; Chief Scientist Office; Economic and Social Research Council; Engineering and Physical Sciences Research Council; Medical Research Council; National Institute for Health Research; Wellcome Trust",2019-11-12,10.1186/s13326-019-0214-4,,,,31711543,,"",,,,,,0,0,0,0,11,0,0,0,0,0,0,0,0,0,0,0,0,35,2,https://www.altmetric.com/details/70260290,https://api.altmetric.com/v1/donut/70260290_240.png
6,"CogStack - experiences of deploying integrated information retrieval and extraction services in a large National Health Service Foundation Trust hospital","BMC Medical Informatics and Decision Making",1472-6947,,,Article,true,gold,"08 Information and Computing Sciences; 0801 Artificial Intelligence and Image Processing; 0806 Information Systems; 11 Medical and Health Sciences; 1117 Public Health and Health Services","Garvan Institute of Medical Research; King's College Hospital; King's College London; South London and Maudsley NHS Foundation Trust; University College London; University of Edinburgh; University of Sheffield","British Heart Foundation; Cancer Research UK; Chief Scientist Office; Department of Health and Social Care; Economic and Social Research Council; Engineering and Physical Sciences Research Council; European Commission; Health and Care Research Wales; Medical Research Council; National Institute for Health Research; South London and Maudsley NHS Foundation Trust; Versus Arthritis; Wellcome Trust",2018-06-25,10.1186/s12911-018-0623-9,,,,29941004,PMC6020175,"",,,,,,0,0,0,0,10,0,0,0,0,0,0,0,0,0,0,0,0,59,35,https://www.altmetric.com/details/44155422,https://api.altmetric.com/v1/donut/44155422_240.png
6,"Natural Language Processing for Mimicking Clinical Trial Recruitment in Critical Care: A Semi-automated Simulation Based on the LeoPARDS Trial","medRxiv","",,,Article,true,green,"08 Information and Computing Sciences; 0801 Artificial Intelligence and Image Processing",,"Medical Research Council",,10.1101/19005603,,,,,,"",,,,,,0,0,0,0,9,0,0,0,0,0,0,0,0,0,0,0,0,5,1,https://www.altmetric.com/details/94073735,https://api.altmetric.com/v1/donut/94073735_240.png
5,"Mixed?effects models for health care longitudinal data with an informative visiting process: A Monte Carlo simulation study","Statistica Neerlandica","0039-0402, 1467-9574",,,Article,true,hybrid,"01 Mathematical Sciences; 0104 Statistics","University Hospitals of Leicester NHS Trust; University of Cambridge; University of Leicester","Kidney Research UK; Medical Research Council; National Institute for Health Research",2019-09-05,10.1111/stan.12188,,,,,,"",,,,,,0,1,0,0,0,0,0,0,0,0,0,0,0,0,0,0,0,26,5,https://www.altmetric.com/details/66712925,https://api.altmetric.com/v1/donut/66712925_240.png
5,"Real World Implementation of a Transdiagnostic Risk Calculator for the Automatic Detection of Individuals at Risk of Psychosis in Clinical Routine: Study Protocol","Frontiers in Psychiatry",1664-0640,,,Article,true,gold,"11 Medical and Health Sciences; 1117 Public Health and Health Services","King's College London; National Health Service; National Institute for Health Research; University College London; University of Pavia","Engineering and Physical Sciences Research Council; Medical Research Council; National Institute for Health Research",2019-03-13,10.3389/fpsyt.2019.00109,,,,30949070,,"",,,,,,0,0,0,0,10,0,0,0,0,0,0,0,0,0,0,0,0,39,29,https://www.altmetric.com/details/57035412,https://api.altmetric.com/v1/donut/57035412_240.png
5,"Genome-wide association study of Alzheimer's disease CSF biomarkers in the EMIF-AD Multimodal Biomarker Discovery dataset","bioRxiv","",,,Article,true,green,"06 Biological Sciences; 0604 Genetics; 11 Medical and Health Sciences; 1109 Neurosciences","Aix-Marseille University; Amsterdam Neuroscience; Biomedical Research Networking Center on Neurodegenerative Diseases; Centre Hospitalier Régional et Universitaire de Lille; Centro San Giovanni di Dio Fatebenefratelli; Hospital Clinic of Barcelona; Kiel University; King's College London; KU Leuven; Maastricht University; Massachusetts General Hospital; National Hospital for Neurology and Neurosurgery; Sahlgrenska University Hospital; Steno Diabetes Center; UCB Pharma (Belgium); UCL Biomedical Research Centre; Universitair Ziekenhuis Leuven; University College London; University Hospital of Geneva; University Hospital of Lausanne; University of Antwerp; University of Geneva; University of Gothenburg; University of Lille; University of Lübeck; University of Oslo; University of Oxford; Vlaams Instituut voor Biotechnologie; Vrije Universiteit Brussel","Deutsche Forschungsgemeinschaft; European Commission; European Research Council; Flemish Government; Medical Research Council; Swedish Research Council; Swiss National Science Foundation; Vlaams Instituut voor Biotechnologie",2019-09-23,10.1101/774554,,,,,,"",,,,,,0,0,0,0,13,0,0,0,0,0,0,0,0,0,0,0,0,17,4,https://www.altmetric.com/details/67022858,https://api.altmetric.com/v1/donut/67022858_240.png
5,"Ex vivo metabolite profiling of paediatric central nervous system tumours reveals prognostic markers","Scientific Reports",2045-2322,,,Article,true,gold,"11 Medical and Health Sciences; 1112 Oncology and Carcinogenesis","University Hospitals Birmingham NHS Foundation Trust; University of Birmingham; University of Warwick","Action Medical Research; Brain Tumour Charity; National Institute for Health Research; NIHR Trainees Coordinating Centre; Wellcome Trust",2019-07-19,10.1038/s41598-019-45900-x,,,,31324817,,"",,,,,,0,0,0,0,6,0,0,0,0,0,0,0,0,0,0,0,0,8,1,https://www.altmetric.com/details/63842278,https://api.altmetric.com/v1/donut/63842278_240.png
5,"Explaining local variation in referrals from health services to children’s social care in England 2013–16: a study using ‘children in need’ administrative data","Journal of Public Health","0943-1853, 1613-2238, 1741-3842, 1741-3850, 2198-1833",,,Article,true,hybrid,"11 Medical and Health Sciences; 1117 Public Health and Health Services","University College London; University of Oxford","Academy of Medical Sciences; Economic and Social Research Council; Wellcome Trust",2019-06-18,10.1093/pubmed/fdz050,,,,31211394,,"",,,,,,0,0,0,0,9,0,0,0,0,0,0,0,0,0,0,0,0,11,1,https://www.altmetric.com/details/62640862,https://api.altmetric.com/v1/donut/62640862_240.png
5,"DNAscan: personal computer compatible NGS analysis, annotation and visualisation","BMC Bioinformatics",1471-2105,,,Article,true,gold,"06 Biological Sciences; 0604 Genetics; 08 Information and Computing Sciences; 0801 Artificial Intelligence and Image Processing","King's College Hospital; King's College London; National Institute for Health Research; University College London","Economic and Social Research Council; European Commission; Medical Research Council; Motor Neurone Disease Association; National Institute for Health Research; South London and Maudsley NHS Foundation Trust; Wellcome Trust",2019-04-27,10.1186/s12859-019-2791-8,,,,31029080,,"",,,,,,0,0,0,0,12,0,0,0,0,0,0,0,0,0,0,0,0,46,2,https://www.altmetric.com/details/59638093,https://api.altmetric.com/v1/donut/59638093_240.png
5,"Analyzing the heterogeneity of rule-based EHR phenotyping algorithms in CALIBER and the UK Biobank","bioRxiv","",,,Article,true,green,"08 Information and Computing Sciences; 0801 Artificial Intelligence and Image Processing; 0806 Information Systems","University College London","British Heart Foundation; Department of Health and Social Care; Economic and Social Research Council; Engineering and Physical Sciences Research Council; Medical Research Council; National Institute for Health Research; Scottish Government Health and Social Care Directorates; Wellcome Trust",,10.1101/685156,,,,,,"",,,,,,0,0,0,0,11,0,0,0,0,0,0,0,0,0,0,0,0,18,2,https://www.altmetric.com/details/62784969,https://api.altmetric.com/v1/donut/62784969_240.png
5,"Discussion of “Combining Health Data Uses to Ignite Health System Learning”","Methods of Information in Medicine",0026-1270,,,Article,false,closed,"11 Medical and Health Sciences; 1117 Public Health and Health Services","Farr Institute; Hamamatsu University; Hospital Italiano de Buenos Aires; University College London; University of Geneva; University of Leeds; University of Michigan–Ann Arbor; University of Southampton; University of Washington","Economic and Social Research Council; Medical Research Council",2018-01-23,10.3414/me15-12-0004,,,,26538343,,"",,,,,,0,0,0,0,7,0,0,1,0,0,0,0,0,0,0,0,0,24,4,https://www.altmetric.com/details/4726845,https://api.altmetric.com/v1/donut/4726845_240.png
4,"On the Accuracy and Scalability of Probabilistic Data Linkage Over the Brazilian 114 Million Cohort","IEEE Journal of Biomedical and Health Informatics",2168-2194,,,Article,true,green,"08 Information and Computing Sciences; 0806 Information Systems; 11 Medical and Health Sciences; 1117 Public Health and Health Services","Federal University of Bahia; Oswaldo Cruz Foundation; University College London","Bill & Melinda Gates Foundation; British Heart Foundation; Cancer Research UK; Chief Scientist Office; Economic and Social Research Council; Engineering and Physical Sciences Research Council; Financiadora de Estudos e Projetos; Fundação de Amparo à Pesquisa do Estado da Bahia; Health and Care Research Wales; Medical Research Council; National Council for Scientific and Technological Development; National Institute for Health Research; Royal Society; Versus Arthritis; Wellcome Trust",2018-03-01,10.1109/jbhi.2018.2796941,,,,29505402,,"",,,,,,0,0,0,0,7,0,0,0,0,0,0,0,0,0,0,0,0,41,16,https://www.altmetric.com/details/33815405,https://api.altmetric.com/v1/donut/33815405_240.png
4,"Regional Multi-View Learning for Cardiac Motion Analysis: Application to Identification of Dilated Cardiomyopathy Patients","IEEE Transactions on Biomedical Engineering","0018-9294, 1558-2531",,,Article,true,green,"08 Information and Computing Sciences; 0801 Artificial Intelligence and Image Processing",,"Engineering and Physical Sciences Research Council; National Institute for Health Research; Wellcome Trust",2019-04-01,10.1109/tbme.2018.2865669,,,,30113891,,"",,,,,,0,0,0,0,6,0,0,0,0,0,0,0,0,0,0,0,0,32,6,https://www.altmetric.com/details/46864697,https://api.altmetric.com/v1/donut/46864697_240.png
4,"RADAR-base",,,,,Article,false,closed,"09 Engineering; 0906 Electrical and Electronic Engineering; 11 Medical and Health Sciences; 1117 Public Health and Health Services","King's College London; University Medical Center Freiburg",,2018-01-01,10.1145/3267305.3267578,,,,,,"",,,,,,0,0,0,0,4,0,0,0,0,0,0,0,0,0,0,0,0,10,2,https://www.altmetric.com/details/51872881,https://api.altmetric.com/v1/donut/51872881_240.png
3,"A novel metadata management model to capture consent for record linkage in longitudinal research studies","Informatics for Health & Social Care","1753-8157, 1753-8165",,,Article,true,hybrid,"08 Information and Computing Sciences; 0806 Information Systems","Farr Institute; University College London","Economic and Social Research Council; Medical Research Council",2017-11-06,10.1080/17538157.2017.1364251,,,,29106808,,"",,,,,,0,0,1,0,0,0,0,0,0,0,0,0,0,0,0,0,0,15,0,https://www.altmetric.com/details/99905653,https://api.altmetric.com/v1/donut/99905653_240.png
3,"Model-Based and Data-Driven Strategies in Medical Image Computing","Proceedings of the IEEE",0018-9219,,,Article,true,green,"08 Information and Computing Sciences; 0801 Artificial Intelligence and Image Processing","Imperial College London; King's College London","Engineering and Physical Sciences Research Council; Innovate UK; Medical Research Council; Wellcome Trust",2020-01-01,10.1109/jproc.2019.2943836,,,,,,"",,,,,,0,0,0,0,3,0,0,4,0,0,0,0,0,0,0,0,0,73,7,https://www.altmetric.com/details/69260751,https://api.altmetric.com/v1/donut/69260751_240.png
2,"Impact of linkage quality on inferences drawn from analyses using data with high rates of linkage errors in rural Tanzania","BMC Medical Research Methodology",1471-2288,,,Article,true,gold,"11 Medical and Health Sciences; 1117 Public Health and Health Services","London School of Hygiene & Tropical Medicine; National Institute for Medical Research; University College London; University of the Witwatersrand","Bill & Melinda Gates Foundation; Economic and Social Research Council; Wellcome Trust",2018-12-10,10.1186/s12874-018-0632-5,,,,,,"",,,,,,0,0,0,0,3,0,0,0,0,0,0,0,0,0,0,0,0,16,2,https://www.altmetric.com/details/52496905,https://api.altmetric.com/v1/donut/52496905_240.png
2,"Towards regulatory endorsement of drug development tools to promote the application of model-informed drug development in Duchenne muscular dystrophy","Journal of Pharmacokinetics and Pharmacodynamics","1567-567X, 1573-8744",,,Article,false,closed,"11 Medical and Health Sciences; 1115 Pharmacology and Pharmaceutical Sciences","Children’s National Health System; Critical Path Institute; Parent Project Muscular Dystrophy; Pfizer (United States); Stanford University; University of California, Davis; University of Florida; University of Leicester; University of Massachusetts Medical School","National Institute for Health Research; United States Food and Drug Administration",2019-05-24,10.1007/s10928-019-09642-7,,,,31127458,,2268/244026,,,,,,0,0,0,0,3,0,0,0,0,0,0,0,0,0,0,0,0,28,5,https://www.altmetric.com/details/61228883,https://api.altmetric.com/v1/donut/61228883_240.png
2,"Working Towards a Blood-Derived Gene Expression Biomarker Specific for Alzheimer's Disease","bioRxiv","",,,Article,true,green,"11 Medical and Health Sciences; 1109 Neurosciences","King's College London; UCL Biomedical Research Centre; University College London","British Heart Foundation; Department of Health and Social Care; Economic and Social Research Council; Engineering and Physical Sciences Research Council; Medical Research Council; National Institute for Health Research; Scottish Government Health and Social Care Directorates; South London and Maudsley NHS Foundation Trust; Wellcome Trust",2019-04-29,10.1101/621987,,,,,,"",,,,,,0,0,0,0,6,0,0,0,0,0,0,0,0,0,0,0,0,3,0,https://www.altmetric.com/details/59682267,https://api.altmetric.com/v1/donut/59682267_240.png
2,"Transcriptomic analysis of probable asymptomatic and symptomatic Alzheimer brains","bioRxiv","",,,Article,true,green,"11 Medical and Health Sciences; 1109 Neurosciences","King's College London; UCL Biomedical Research Centre; University College London","Alzheimer’s Research UK; Alzheimer's Society; Department of Health and Social Care; Medical Research Council; National Institute for Health Research; South London and Maudsley NHS Foundation Trust",2019-04-29,10.1101/621912,,,,,,"",,,,,,0,0,0,0,7,0,0,0,0,0,0,0,0,0,0,0,0,3,0,https://www.altmetric.com/details/59681755,https://api.altmetric.com/v1/donut/59681755_240.png
2,"Risk of mortality and cardiovascular events following macrolide prescription in chronic rhinosinusitis patients: a cohort study using linked primary care electronic health records","Rhinology",0300-0729,,,Article,true,green,"11 Medical and Health Sciences; 1102 Cardiorespiratory Medicine and Haematology; 1117 Public Health and Health Services","Guy's and St Thomas' NHS Foundation Trust; James Paget University Hospital; London School of Hygiene & Tropical Medicine; University College London; University of East Anglia; University of Southampton","Economic and Social Research Council; Medical Research Council; National Institute for Health Research",2019-04-01,10.4193/rhin18.237,,,,30928998,,"",,,,,,0,0,0,0,5,0,0,0,0,0,0,0,0,0,0,0,0,19,2,https://www.altmetric.com/details/58256483,https://api.altmetric.com/v1/donut/58256483_240.png
2,"General Bayesian updating and the loss-likelihood bootstrap","Biometrika","1464-3510, 0006-3444",,,Article,true,hybrid,"01 Mathematical Sciences; 0103 Numerical and Computational Mathematics; 0104 Statistics; 14 Economics; 1403 Econometrics","The University of Texas at Austin; University of Oxford","Engineering and Physical Sciences Research Council; Medical Research Council",2019-03-18,10.1093/biomet/asz006,,,,,,"",,,,,,0,0,0,0,4,0,0,0,0,0,0,0,0,0,0,0,0,41,9,https://www.altmetric.com/details/57323535,https://api.altmetric.com/v1/donut/57323535_240.png
2,"Risk factors for incident heart failure in age? and sex?specific strata: a population?based cohort using linked electronic health records","European Journal of Heart Failure","1879-0844, 1388-9842",,,Article,true,hybrid,"11 Medical and Health Sciences; 1102 Cardiorespiratory Medicine and Haematology; 1117 Public Health and Health Services","University College London; University Medical Center Utrecht; Utrecht University","British Heart Foundation; Economic and Social Research Council; Engineering and Physical Sciences Research Council; European Commission; Health and Care Research Wales; Medical Research Council; National Institute for Health Research; Wellcome Trust",2019-01-07,10.1002/ejhf.1350,,,,30618162,,"",,,,,,0,0,0,0,3,0,0,0,0,0,0,0,0,0,0,0,0,50,17,https://www.altmetric.com/details/53682807,https://api.altmetric.com/v1/donut/53682807_240.png
1,"A metagene of NRF2 expression is a prognostic biomarker in all stage colorectal cancer","bioRxiv","",,,Article,true,green,"11 Medical and Health Sciences; 1112 Oncology and Carcinogenesis","The Alan Turing Institute; University of Oxford; Wellcome Centre for Human Genetics","Medical Research Council",,10.1101/690974,,,,,,"",,,,,,0,0,0,0,4,0,0,0,0,0,0,0,0,0,0,0,0,2,2,https://www.altmetric.com/details/63068743,https://api.altmetric.com/v1/donut/63068743_240.png
1,"Bleeding in cardiac patients prescribed antithrombotic drugs: Electronic health record phenotyping algorithms, incidence, trends and prognosis: Supplementary Appendix","bioRxiv","",,,Article,true,green,"11 Medical and Health Sciences; 1102 Cardiorespiratory Medicine and Haematology; 1117 Public Health and Health Services","King's College Hospital NHS Foundation Trust; King's College London; National Health Service; St Bartholomew's Hospital; UCL Biomedical Research Centre; University College London; University of Leeds; University of Strathclyde","Economic and Social Research Council; Medical Research Council",,10.1101/538249,,,,,,"",,,,,,0,0,0,0,2,0,0,0,0,0,0,0,0,0,0,0,0,8,0,https://www.altmetric.com/details/54991214,https://api.altmetric.com/v1/donut/54991214_240.png
1,"Time spent at blood pressure target and the risk of death and cardiovascular diseases","PLoS ONE",1932-6203,,,Article,true,gold,"11 Medical and Health Sciences; 1102 Cardiorespiratory Medicine and Haematology; 1117 Public Health and Health Services","Maastricht University; National Institute for Health Research; St Bartholomew's Hospital; University College London; University of Leeds","British Heart Foundation; Chief Scientist Office; Department of Health and Social Care; Economic and Social Research Council; Engineering and Physical Sciences Research Council; European Commission; Medical Research Council; National Institute for Health Research; Scottish Government Health and Social Care Directorates; Wellcome Trust",2018-09-05,10.1371/journal.pone.0202359,,,,30183734,PMC6124703,"",2018PLoSO..1302359C,,,,,0,0,0,0,3,0,0,0,0,0,0,0,0,0,0,0,0,28,2,https://www.altmetric.com/details/47933845,https://api.altmetric.com/v1/donut/47933845_240.png
1,"Is symptom-based diagnosis of lung cancer possible? A systematic review and meta-analysis of symptomatic lung cancer prior to diagnosis for comparison with real-time data from routine general practice","PLoS ONE",1932-6203,,,Article,true,gold,"11 Medical and Health Sciences; 1117 Public Health and Health Services","Imperial College London; King's College London","Cancer Research UK; Department of Health and Social Care; Economic and Social Research Council; Health and Care Research Wales; National Institute for Health Research",2018-11-21,10.1371/journal.pone.0207686,,,,30462699,,"",2018PLoSO..1307686O,,,,,0,0,0,0,2,0,0,0,0,0,0,0,0,0,0,0,0,62,6,https://www.altmetric.com/details/51548108,https://api.altmetric.com/v1/donut/51548108_240.png
1,"Aurora kinase A (AURKA) interaction with Wnt and Ras-MAPK signalling pathways in colorectal cancer","Scientific Reports",2045-2322,,,Article,true,gold,"06 Biological Sciences; 0601 Biochemistry and Cell Biology; 11 Medical and Health Sciences; 1112 Oncology and Carcinogenesis","Antoni van Leeuwenhoek Hospital; King's College London; South London and Maudsley NHS Foundation Trust; VU Amsterdam; VU University Medical Center","Dutch Cancer Society; Dutch Research Council; Guy's and St Thomas' NHS Foundation Trust; National Institute for Health Research",2018-05-14,10.1038/s41598-018-24982-z,,,,29760449,,"",2018NatSR...8.7522J,,,,,0,0,0,0,2,0,0,0,0,0,0,0,0,0,0,0,0,50,8,https://www.altmetric.com/details/41973101,https://api.altmetric.com/v1/donut/41973101_240.png
1,"Semantic computational analysis of anticoagulation use in atrial fibrillation from real world data","medRxiv","",,,Article,true,green,"11 Medical and Health Sciences; 1117 Public Health and Health Services","King's College Hospital NHS Foundation Trust; King's College London; University of Edinburgh","Medical Research Council",,10.1101/19011643,,,,,,"",,,,,,0,0,0,0,1,0,0,0,0,0,0,0,0,0,0,0,0,12,0,https://www.altmetric.com/details/94074863,https://api.altmetric.com/v1/donut/94074863_240.png
1,"Combining string and phonetic similarity matching to identify misspelt names of drugs in medical records written in Portuguese","Journal of Biomedical Semantics",2041-1480,,,Article,true,gold,"08 Information and Computing Sciences; 0806 Information Systems","King's College London; University College London","British Heart Foundation; Chief Scientist Office; Engineering and Physical Sciences Research Council; Medical Research Council; National Institute for Health Research; Wellcome Trust",2019-11-12,10.1186/s13326-019-0216-2,,,,31711534,,"",,,,,,0,0,0,0,1,0,0,0,0,0,0,0,0,0,0,0,0,7,3,https://www.altmetric.com/details/74907256,https://api.altmetric.com/v1/donut/74907256_240.png
1,"Utility of HbA 1c assessment in people with diabetes awaiting liver transplantation","Diabetic Medicine","0742-3071, 1464-5491",,,Article,true,hybrid,"11 Medical and Health Sciences; 1103 Clinical Sciences","Gloucestershire Hospitals NHS Foundation Trust; Medical Research Council Harwell; National Institute for Health Research; NIHR Surgical Reconstruction and Microbiology Research Centre; Queen Elizabeth Hospital Birmingham; St James's University Hospital; Swansea University; University College Cork; University Hospitals Birmingham NHS Foundation Trust; University of Birmingham","Medical Research Council; National Human Genome Research Institute; National Institute for Health Research",2019-04-30,10.1111/dme.13870,,,,30474191,,"",,,,,,0,0,0,0,1,0,0,0,0,0,0,0,0,0,0,0,0,17,5,https://www.altmetric.com/details/69942752,https://api.altmetric.com/v1/donut/69942752_240.png
1,"Weekend admissions and mortality for major acute disorders across England and Wales: record linkage cohort studies","BMC Health Services Research",1472-6963,,,Article,true,gold,"11 Medical and Health Sciences; 1117 Public Health and Health Services","Gloucestershire Royal Hospital; Prince Philip Hospital; Swansea University","Economic and Social Research Council; Medical Research Council; Wellcome Trust",2019-09-02,10.1186/s12913-019-4286-8,,,,31477110,,"",,,,,,0,0,0,0,2,0,0,0,0,0,0,0,0,0,0,0,0,24,0,https://www.altmetric.com/details/66208481,https://api.altmetric.com/v1/donut/66208481_240.png
1,"Antibiotic usage in chronic rhinosinusitis: analysis of national primary care electronic health records","Rhinology",0300-0729,,,Article,true,green,"11 Medical and Health Sciences; 1117 Public Health and Health Services","Guy's and St Thomas' NHS Foundation Trust; James Paget University Hospital; National Health Service; University College London; University of East Anglia; University of Southampton","Economic and Social Research Council; Medical Research Council; National Institute for Health Research",2019-09-01,10.4193/rhin19.136,,,,31490466,,"",,,,,,0,0,0,0,1,0,0,0,0,0,0,0,0,0,0,0,0,19,3,https://www.altmetric.com/details/66190699,https://api.altmetric.com/v1/donut/66190699_240.png
1,"Differential gene expression analysis in blood of first episode psychosis patients","Schizophrenia Research","0920-9964, 1573-2509",,,Article,true,hybrid,"11 Medical and Health Sciences; 1103 Clinical Sciences","King's College London; University of Alberta","Medical Research Council; National Institute for Health Research",2019-07-01,10.1016/j.schres.2019.05.011,,,,31113746,,"",,,,,,0,0,0,0,1,0,0,0,0,0,0,0,0,0,0,0,0,40,6,https://www.altmetric.com/details/60954680,https://api.altmetric.com/v1/donut/60954680_240.png
1,"Author Correction: Knowledge graph prediction of unknown adverse drug reactions and validation in electronic health records","Scientific Reports",2045-2322,,,Article,true,gold,,"King's College London; South London and Maudsley NHS Foundation Trust; University College London",,2018-03-06,10.1038/s41598-018-22521-4,,,,29511265,PMC5840371,"",2018NatSR...8.4284B,,,,,0,0,0,0,1,0,0,0,0,0,0,0,0,0,0,0,0,6,1,https://www.altmetric.com/details/34084458,https://api.altmetric.com/v1/donut/34084458_240.png
0,"S35INVESTIGATING THE ROLE OF MODIFIABLE RISK FACTORS ON THE CAUSAL PATHWAY TO ALZHEIMER'S DISEASE","European Neuropsychopharmacology","0924-977X, 1873-7862",,,Article,false,closed,"11 Medical and Health Sciences; 17 Psychology and Cognitive Sciences","King's College London; University College London; University of Hong Kong","Medical Research Council",2019-10-01,10.1016/j.euroneuro.2019.08.036,,,,,,"",,,,,,0,0,0,0,0,0,0,0,0,0,0,0,0,0,0,0,0,6,0,https://www.altmetric.com/details/91038497,https://api.altmetric.com/v1/donut/91038497_240.png
0,"S34INVESTIGATING THE ROLE OF BLOOD METABOLITES AS BIOMARKERS OF COGNITIVE FUNCTION AND DEMENTIA IN THE MRC 1946 BRITISH BIRTH COHORT","European Neuropsychopharmacology","0924-977X, 1873-7862",,,Article,false,closed,"11 Medical and Health Sciences; 17 Psychology and Cognitive Sciences","King's College London; University College London","Medical Research Council",2019-10-01,10.1016/j.euroneuro.2019.08.035,,,,,,"",,,,,,0,0,0,0,0,0,0,0,0,0,0,0,0,0,0,0,0,3,0,https://www.altmetric.com/details/91037451,https://api.altmetric.com/v1/donut/91037451_240.png
0,"P3-245: DKK1 OVEREXPRESSION IN VITRO NOMINATES PROTEINS PREDICTING ALZHEIMER'S PATHOLOGY IN BLOOD","Alzheimer's & Dementia: the Journal of the Alzheimer's Association","1552-5260, 1552-5279",,,Article,true,bronze,"11 Medical and Health Sciences; 1103 Clinical Sciences; 1109 Neurosciences","Autonomous University of Madrid; King's College London; NIHR Maudsley Dementia Biomedical Research Unit; University of Oxford","Medical Research Council",2019-07-01,10.1016/j.jalz.2019.06.3275,,,,,,"",,,,,,0,0,0,0,0,0,0,0,0,0,0,0,0,0,0,0,0,1,0,https://www.altmetric.com/details/91037301,https://api.altmetric.com/v1/donut/91037301_240.png
0,"Efficient Reuse of Natural Language Processing Models for Phenotype-Mention Identification in Free-text Electronic Medical Records: A Phenotype Embedding Approach (Preprint)",,,,,Article,true,green,"08 Information and Computing Sciences; 0806 Information Systems",,"Medical Research Council",,10.2196/preprints.14782,,,,,,"",,,,,,0,0,0,0,0,0,0,0,0,0,0,0,0,0,0,0,0,0,0,https://www.altmetric.com/details/91036241,https://api.altmetric.com/v1/donut/91036241_240.png
0,"Mechanically Powered Motion Imaging Phantoms: Proof of Concept",,,,,Article,true,green,"08 Information and Computing Sciences; 0801 Artificial Intelligence and Image Processing","King's College London; Linköping University","Engineering and Physical Sciences Research Council; Guy's and St Thomas' NHS Foundation Trust; National Health and Medical Research Council; National Institute for Health Research; Wellcome Trust",2019-07-01,10.1109/embc.2019.8856577,,,,31946457,,"",,,,,,0,0,0,0,0,0,0,0,0,0,0,0,0,0,0,0,0,4,0,https://www.altmetric.com/details/74651743,https://api.altmetric.com/v1/donut/74651743_240.png
0,"Magnetic Resonance Fingerprinting Using Recurrent Neural Networks",,,,,Article,true,green,"08 Information and Computing Sciences; 0801 Artificial Intelligence and Image Processing","King's College London","Department of Health and Social Care; Engineering and Physical Sciences Research Council; Guy's and St Thomas' NHS Foundation Trust; National Institute for Health Research; Wellcome Trust",2019-04-01,10.1109/isbi.2019.8759502,,,,,,"",,,,,,0,0,0,0,0,0,0,0,0,0,0,0,0,0,0,0,0,27,10,https://www.altmetric.com/details/70091242,https://api.altmetric.com/v1/donut/70091242_240.png
0,"Synthesising Images and Labels Between MR Sequence Types with CycleGAN",,,,,Chapter,false,closed,"08 Information and Computing Sciences; 0801 Artificial Intelligence and Image Processing","King's College London; St Thomas' Hospital; University of Oxford","Engineering and Physical Sciences Research Council; Guy's and St Thomas' NHS Foundation Trust; National Institute for Health Research; Wellcome Trust",2019-10-13,10.1007/978-3-030-33391-1_6,,,,,,"",,,,,,0,0,0,0,0,0,0,0,0,0,0,0,0,0,0,0,0,10,3,https://www.altmetric.com/details/68896223,https://api.altmetric.com/v1/donut/68896223_240.png
0,"Global and Local Interpretability for Cardiac MRI Classification",,,,,Chapter,true,green,"08 Information and Computing Sciences; 0801 Artificial Intelligence and Image Processing","King's College London","Engineering and Physical Sciences Research Council",2019-10-13,10.1007/978-3-030-32251-9_72,,,,,,"",,,,,,0,0,0,0,0,0,0,0,0,0,0,0,0,0,0,0,0,46,3,https://www.altmetric.com/details/68209735,https://api.altmetric.com/v1/donut/68209735_240.png
0,"Towards Whole Placenta Segmentation at Late Gestation Using Multi-view Ultrasound Images",,,,,Chapter,true,green,"08 Information and Computing Sciences; 0801 Artificial Intelligence and Image Processing; 11 Medical and Health Sciences; 1114 Paediatrics and Reproductive Medicine","Brunel University London; King's College London","Engineering and Physical Sciences Research Council; Guy's and St Thomas' NHS Foundation Trust; National Health and Medical Research Council; National Institute for Health Research",2019-10-10,10.1007/978-3-030-32254-0_70,,,,,,"",,,,,,0,0,0,0,0,0,0,0,0,0,0,0,0,0,0,0,0,12,3,https://www.altmetric.com/details/68197675,https://api.altmetric.com/v1/donut/68197675_240.png
0,"Challenges & solutions in a hybrid mHealth mobile app",,,,,Article,true,green,"08 Information and Computing Sciences; 0801 Artificial Intelligence and Image Processing","King's College London","Medical Research Council; South London and Maudsley NHS Foundation Trust",2019-01-01,10.1145/3341162.3343778,,,,,,"",,,,,,0,0,0,0,0,0,0,0,0,0,0,0,0,0,0,0,0,13,0,https://www.altmetric.com/details/66645641,https://api.altmetric.com/v1/donut/66645641_240.png
0,"Risk of esophageal cancer in achalasia cardia: A meta?analysis","JGH OPEN",2397-9070,,,Article,true,gold,"11 Medical and Health Sciences; 1112 Oncology and Carcinogenesis; 1117 Public Health and Health Services","University Hospitals of Leicester NHS Trust; University of Leicester","National Institute for Health Research",2019-02-08,10.1002/jgh3.12132,,,,31276035,,"",,,,,,0,0,0,0,0,0,0,0,0,0,0,0,0,0,0,0,0,9,6,https://www.altmetric.com/details/66380774,https://api.altmetric.com/v1/donut/66380774_240.png
0,"RADAR-base",,,,,Article,true,bronze,"11 Medical and Health Sciences; 1109 Neurosciences; 1117 Public Health and Health Services",,,2018-01-01,10.1145/3267305.3267540,,,,,,"",,,,,,0,0,0,0,0,0,0,0,0,0,0,0,0,0,0,0,0,27,5,https://www.altmetric.com/details/56605481,https://api.altmetric.com/v1/donut/56605481_240.png
0,"RADAR-base",,,,,Article,false,closed,"09 Engineering; 0906 Electrical and Electronic Engineering","King's College London; University Medical Center Freiburg",,2018-01-01,10.1145/3267305.3267579,,,,,,"",,,,,,0,0,0,0,0,0,0,0,0,0,0,0,0,0,0,0,0,24,4,https://www.altmetric.com/details/56605406,https://api.altmetric.com/v1/donut/56605406_240.png
0,"Learning Associations Between Clinical Information and Motion-Based Descriptors Using a Large Scale MR-derived Cardiac Motion Atlas",,,,,Chapter,true,green,"08 Information and Computing Sciences; 0801 Artificial Intelligence and Image Processing","King's College London; St Thomas' Hospital","Engineering and Physical Sciences Research Council; Wellcome Trust",2019-02-14,10.1007/978-3-030-12029-0_11,,,,,,"",,,,,,0,0,0,0,0,0,0,0,0,0,0,0,0,0,0,0,0,12,1,https://www.altmetric.com/details/56510600,https://api.altmetric.com/v1/donut/56510600_240.png
0,"Left-Ventricle Quantification Using Residual U-Net",,,,,Chapter,false,closed,"08 Information and Computing Sciences; 0801 Artificial Intelligence and Image Processing","King's College London","Engineering and Physical Sciences Research Council; Wellcome Trust",2019-02-14,10.1007/978-3-030-12029-0_40,,,,,,"",,,,,,0,0,0,0,0,0,0,0,0,0,0,0,0,0,0,0,0,14,10,https://www.altmetric.com/details/56510539,https://api.altmetric.com/v1/donut/56510539_240.png
